### PER-ORBIT VOICE PROFILE  port=6110 node=orbits ###
    t    b1   b2   b3   b4   b5   b6   l1   l2   l3   l4   l5   l6   a1   a2   a3   a4   a5   a6    TOT   ugens  xrun
  --------------------------------------------------------------------------------------------------------------------
    0     0    0    0    0    0    0    0    0    0    0    0    0    0    0    0    0    0    0      0    4356     0
    1     0    0    0    0    0    0    0    0    0    0    0    0    0    0    0    0    0    0      0    4356     0
    3     0    0    0    0    0    0    0    0    0    0    0    0    0    0    0    0    0    0      0    4356     0
  ---- omminous ----
    4     0    0    0    0    0    0    0    0    0    0    0    0    0    0    0    0    0    0      0    4356     0
    5     0    0    0    0    0    0    0    0   54    0    0    0   52    0    0    0    0    0    106    6580     0
    6     0    0    0    0    0   10    0    0  108    0    0    0   88    0    0    0    0    0    206    7380     0
    7     0    0    0    0    0    0    0    0   42    0    0    0   40    0    0    0    0    0     82    5810     0
    9     0    0    0    0    0   10    0    0   66    0    0    0    0    0    0    0    0    0     76    5438     0
   10     0    0    0    0    0   10    0    0   75    0    0    0   56    0    0    0    0    0    141    5990     0
   11     0    0    0    0    0    0    0    0   57    0    0    0   52    0    0    0    0    0    109    7604     0
   12     0    0    0    0    0    6    0    0   60    0    0    0   68    0    0    0    0    0    134    6462     0
   13     0    0    0    0    0   10    0    0   54    0    0    0   64    0    0    0    0    0    128    6325     0
   15     0    0    0    0    0    6    0    0   51    0    0    0   40    0    0    0    0    0     97    6226     0
   16     0    0    0    0    0    6    0    0   69    0    0    0   60    0    0    0    0    0    135    6431     0
   17     0    0    0    0    0   11    0    0  105    0    0    0   44    0    0    0    0    0    160    6929     0
   18     0    0    0    0    0   16    0    0   66    0    0    0   28    0    0    0    0    0    110    6315     0
   19     0    0    0    0    0    0    0    0   57    0    0    0   16    0    0    0    0    0     73    5866     0
   21     0    0    0    0    0    0    0    0   69    0    0    0   76    0    0    0    0    0    145    6592     0
   22     0    0    0    0    0    0    0    0   42    0    0    0  140    0    0    0    0    0    182    8142     0
   23     0    0    0    0    0    6    0    0   60    0    0    0  104    0    0    0    0    0    170    6864     0
   24     0    0    0    0    0   12    0    0   48    0    0    0   88    0    0    0    0    0    148    6759     0
   25     0    0    0    0    0    0    0    0   57    0    0    0  132    0    0    0    0    0    189    7820     0
   26     0    0    0    0    0    0    0    0   72    0    0    0  216    0    0    0    0    0    288    9036     0
   28     0    0    0    0    0   15    0    0   93    0    0    0  176    0    0    0    0    0    284    9424     0
   29     0    0    0    0    0   12    0    0   48    0    0    0   60    0    0    0    0    0    120    6257     0
   30     0    0    0    0    0    0    0    0   78    0    0    0    0    0    0    0    0    0     78    5904     0
   31     0    0    0    0    0    6    0    0   63    0    0    0   44    0    0    0    0    0    113    6109     0
   32     0    0    0    0    0   10    0    0   63    0    0    0   60    0    0    0    0    0    133    6548     0
   34     0    0    0    0    0    0    0    0   57    0    0    0   40    0    0    0    0    0     97    6941     0
  ---- section-2 ----
   35     0    0    0    0    0    0    0    0   69    0    0    0   28    0    0    0    0    0     97    6078     0
   36     0    0    0    0    0    5    0    0   51    0    0    0   24    0    0    0    0    0     80    5792     0
   37     0    0    0    0    0    0    0    0   60    0    0    0   12    0    0    0    0    0     72    5550     0
   38     0    0    0    0    0   16    0    0  111    0    0    0   20    0    0    0    0    0    147    6483     0
   40     0    0    0    0    0    0    0    0   39    0    0    0   20    0    0    0    0    0     59    5687     0
   41     0    0    0    0    0   10    0    0   54    0    0    0   20    0    0    0    0    0     84    5873     0
   42     0    0    0    0    0    6    0    0   60    0    0    0   60    0    0    0    0    0    126    6456     0
   43     0    0    0    0    0    5    0    0   60    0    0    0   76    0    0    0    0    0    141    6952     0
   44     0    0    0    0    0    0    0    0   87    0    0    0   72    0    0    0    0    0    159    6300     0
   46     0    0    0    0    0    0    0    0   48    0    0    0   12    0    0    0    0    0     60    6964     0
   47     0    0    0    0    0    0    0    0   60    0    0    0   68    0    0    0    0    0    128    6704     0
   48     0    0    0    0    0    0    0    0   48    0    0    0  128    0    0    0    0    0    176    7416     0
   49     0    0    0    0    0    6    0    0  108    0    0    0  100    0    0    0    0    0    214    8115     0
   50     0    0    0    0    0    0    0    0   99    0    0    0   32    0    0    0    0    0    131    6383     0
   52     0    0    0    0    0    5    0    0   72    0    0    0    8    0    0    0    0    0     85    5600     0
   53     0    0    0    0    0    5    0    0   66    0    0    0   20    0    0    0    0    0     91    6202     0
   54     0    0    0    0    0   15    0    0   66    0    0    0   53    0    0    0    0    0    134    6537     0
   55     0    0    0    0    0   11    0    0   69    0    0    0   61    0    0    0    0    0    141    6252     0
   56     0    0    0    0    0    6    0    0   36    0    0    0   64    0    0    0    0    0    106    6766     0
   58     0    0    0    0    0    0    0    0   60    0    0    0   44    0    0    0    0    0    104    5952     0
   59     0    0    0    0    0    0    0    0   69    0    0    0   52    0    0    0    0    0    121    6282     0
   60     0    0    0    0    0    6    0    0  129    0    0    0   36    0    0    0    0    0    171    7845     0
   61     0    0    0    0    0    6    0    0   75    0    0    0    8    0    0    0    0    0     89    5675     0
   62     0    0    0    0    0    6    0    0   51    0    0    0   20    0    0    0    0    0     77    6271     0
   64     0    0    0    0    0    0    0    0   60    0    0    0   60    0    0    0    0    0    120    6263     0
  ---- section-3 ----
   65     0    0    0    0    0    5    0    3   81    0    0    0   97    0    0    0    0    0    186    7697     0
   66     0    0    0    0    6    0    0    3   72    0    0    0   93    0    0    0    0    0    174    7139     0
   67     0    0    0    0   34   10    3    3   90    0    0    0  104    0    0    0    0    0    244    7406     0
   68     0    0    0    0    0    0    0    6   54    0    0    0  152    0    0    0    0    0    212    9316     0
   70     0    0    0    0    4    0    0    6   57    0    0    0  224    0    0    0    0    0    291    8954     0
   71     0    0    0    0    7    0    0    0   87    0    0    0  128    0    0    0    0    0    222    8045     0
   72     0    0    0    0    3    0    0    3   48    0    0    0   24    0    0    0    0    0     78    5742     0
   73     0    0    0    0    8    0    0    3   69    0    0    0    0    0    0    0    0    0     80    5364     0
   74     0    0    0    0   13    0    0    3   72    0    0    0   32    0    0    0    0    0    120    6910     0
   75     0    0    0    0    0   10    0    6   69    0    0    0   68    0    0    0    0    0    153    6896     0
   77     0    0    0    0    7    0    0    3   60    0    0    0   24    0    0    0    0    0     94    6065     0
   78     0    0    0    0   22   10    0    3   60    0    0    0   20    0    0    0    0    0    115    6084     0
   79     0    0    0    0    0    5    0    6   93    0    0    0   40    0    0    0    0    0    144    6612     0
   80     0    0    0    0   11    0    0    6   51    0    0    0   12    0    0    0    0    0     80    5214     0
   81     0    0    0    0   10    6    3    3  114    0    0    0   16    0    0    0    0    0    152    7086     0
   83     0    0    0    0   14    0    0    3   90    0    0    0    8    0    0    0    0    0    115    6415     0
   84     0    0    0    0    8    0    0    3   75    0    0    0   36    0    0    0    0    0    122    6182     0
   85     0    0    0    0    0    0    0    0   45    0    0    0   80    0    0    0    0    0    125    6946     0
   86     0    0    0    0    8    5    3    3   72    0    0    0   84    0    0    0    0    0    175    6628     0
   87     0    0    0    0   11   11    3    6   51    0    0    0   44    0    0    0    0    0    126    6188     0
   89     0    0    0    0    0    0    0    6   60    0    0    0   40    0    0    0    0    0    106    6338     0
   90     0    0    0    0   18   10    0    3   72    0    0    0  112    0    0    0    0    0    215    7554     0
   91     0    0    0    0    0    0    0    3   57    0    0    0  160    0    0    0    0    0    220    9566     0
   92     0    0    0    0   30   12    3    6  150    0    0    0   84    0    0    0    0    0    285    8688     0
   93     0    0    0    0   11   12    3    3   60    0    0    0   12    0    0    0    0    0    101    6079     0
  ---- higher energy ----
   95     0    0    0    0    0    0    0    3   66    0    0    0    8    0    0    0   15    0     92    6448     0
   96     0    0    0    0   11    6    0    3   60    0    0    0   52    0    0    0   21    0    153    6645     0
   97     0    0    0    0    8   15    0    3   54    0    0    0   72    0    0    0   21    0    173    7577     0
   98     0    0    0    0    4   10    3    6   69    0    0    0   48    0    0    0   18    0    158    6875     0
   99     0    0    0    0    0    0    0    3   75    0    0    0   52    0    0    0   18    0    148    7061     0
  101     0    0    0    0    9    0    0    3   63    0    0    0   64    0    0    0   18    0    157    6651     0
  102     0    0    0    0   25   15    3    6  105    0    0    0   68    0    0    0   18    0    240    7955     0
  103     0    0    0    0   21    6    0    6   57    0    0    0   32    0    0    0   18    0    140    7646     0
  104     0    0    0    0   13    6    0    3   39    0    0    0   20    0    0    0   12    0     93    6180     0
  105     0    0    0    0    0    0    0    0   48    0    0    0   52    0    0    0   34    0    134    6723     0
  107     0    0    0    0    8    0    0    3   69    0    0    0   84    0    0    0   47    0    211    8096     0
  108     0    0    0    0    0   33    0    3   72    0    0    0  116    0    0    0   47    0    271    7940     0
  109     0    0    0    0    3    0    0    3   57    0    0    0  108    0    0    0   41    0    212    8469     0
  110     0    0    0    0    0   10    0    6   69    0    0    0  128    0    0    0   38    0    251    8424     0
  111     0    0    0    0    4    0    0    6   45    0    0    0  176    0    0    0   38    0    269    9216     0
  113     0    0    0    0   40   15    0    3   69    0    0    0  208    0    0    0   38    0    373   10434     0
  114     0    0    0    0   24   12    0    3  123    0    0    0  104    0    0    0   38    0    304    8693     0
  115     0    0    0    0   14    6    0    6   75    0    0    0    4    0    0    0   32    0    137    6179     0
  116     0    0    0    0    6    5    3    3   63    0    0    0    0    0    0    0   32    0    112    6334     0
  117     0    0    0    0    0    0    0    3   57    0    0    0   44    0    0    0   32    0    136    7128     0
  119     0    0    0    0    8    0    0    3   63    0    0    0   64    0    0    0   32    0    170    6948     0
  120     0    0    0    0    3   15    0    0   36    0    0    0   24    0    0    0   35    0    113    6644     0
  121     0    0    0    0    8    5    3    6   72    0    0    0   16    0    0    0   35    0    145    6004     0
  122     0    0    0    0    4    5    3    6   66    0    0    0   12    0    0    0   35    0    131    6732     0
  123     0    0    0    0    8   10    0    3  117    0    0    0   12    0    0    0   32    0    182    8080     0
  ---- section-5 ----
  124     0    0    6    0   12    5    0    3  117    0    0    0   16    0    0    0   32    0    191    6844     0
  126     0    0    6    0   27    6    0    3   45    0    0    0    8    0    0    0   32    0    127    7664     0
  127     0    0   12    0   27    5    3    6   66    0    0    4   40    0    0    0   32    0    195    7426     0
  128     0    0    6    0   27    6    0    3   63    0    0    0   80    0    0    0   32    0    217    7973     0
  129     0    0    9    0   27    0    0    3   63    0    0    0   60    0    0    0   32    0    194    7694     0
  130     0    0   12    0   27    6    0    3   90    0    0   12   32    0    0    0   35    0    217    7614     0
  132     0    0    9    0   27    5    0    0   60    0    0    0   64    0    0    0   35    0    200    7738     0
  133     0    0    9    0   27    0    3    6   57    0    0    0  116    0    0    0   35    0    253    8388     1
  134     0    0   12    0   27    5    0    6  111    0    0   12  128    0    0    0   32    0    333    9792     0
  135     0    0   15    0   27    6    0    3   51    0    0    0   64    0    0    0   32    0    198    7246     0
  136     0    0   24    0   27   16    3    3   81    0    0    0    4    0    0    0   32    0    190    7317     0
  138     0    0   15    0   27   10    0    6   48    0    0    0    0    0    0    0   42    0    148    8509     0
  139     0    0   18    0   27    0    0    6   60    0    0    0   48    0    0    0   49    0    208    8144     0
  140     0    0   18    0   27   12    0    0   63    0    0    0   60    0    0    0   83    0    263    8632     0
  141     0    0   24    0   27   10    0    3   60    0    0    0   48    0    0    0   60    0    232    8306     0
  142     0    0   21    0   27    6    0    3   72    0    0    0   44    0    0    0   57    0    230    8115     0
  144     0    0   24    0   27    6    0    3   57    0    0    0   44    0    0    0   57    0    218    8699     0
  145     0    0   24    0   12   15    0    6  108    0    0    4   52    0    0    0   39    0    260    8913     0
  146     0    0   24    0   27    0    0    6   78    0    0    0   20    0    0    0   36    0    191    7547     0
  147     0    0   36    0   27   11    0    3   60    0    0    0    4    0    0    0   36    0    177    7306     0
  148     0    0   27    0   15    5    0    3   87    0    0    4   84    0    0    0   39    0    264    8627     0
  150     0    0   30    0   27    0    0    6   57    0    0    0   88    0    0    0   39    0    247    8216     0
  151     0    0   30    0   27   11    3    3   60    0    0    0   96    0    0    0   54    0    284    9064     0
  152     0    0   36    0   27    0    0    3   54    0    0    4   76    0    0    0   46    0    246    8659     0
  153     0    0   36    0   27    0    0    3   63    0    0    0  112    0    0    0   46    0    287    9472     0
  ---- section-6 ----
  154     0    0   36    5   27    0    0    0   60    0    0    0  208    0    0    0   46    0    382   10484     0
  156     0    0   36   25   27   15    0    0    0    0    0    0  176    0    0    0   24    0    303    9150     0
  157     0    0   36   20   27   11    0    0   32    0    0    0   64    0    0    0   20    0    210    7829     0
  158     0    0   45   15   27    6    0    0   32    0    0    4    0    0    0    0   20    0    149    6737     0
  159     0    0   36   20   27   11    0    0   16    0    0    0   64    0    0    0   20    0    194    6950     0
  160     0    0   36   20   27    0    0    0    0    0    0    0   72    0    0    0   27    0    182    8636     0
  162     0    0   36   20   27    0    0    0    0    0    0    0   40    0    0    0   49    0    172    7078     0
  163     0    0   36   20   27   10    0    0    0    0    0    0   36    0    0    0   41    0    170    6990     0
  164     0    0   39   20   27    0    0    0    0    0    0    0   24    0    0    0   41    0    151    8044     0
  165     0    0   42   25   27    0    0    0   48    0    0    0   20    0    0    0   41    0    203    7666     0
  166     0    0   36   25   27   15    0    0   32    0    0    8   20    0    0    0   34    0    197    7547     0
  168     0    0   36   20   27   12    0    0    0    0    0    0   16    0    0    0   31    0    142    6914     0
  169     0    0   36   15   27    0    0    0   48    0    0    0   24    0    0    0   31    0    181    6975     0
  170     0    0   36   15   27    0    0    0    0    0    0    8   80    0    0    0   63    0    229    7912     0
  171     0    0   36   40   27   20    0    0   48    0    0    0  104    0    0    0   35    0    310    9394     0
  172     0    0   36   20   27    0    0    0    0    0    0    0   56    0    0    0   57    0    196    8283     0
  173     0    0   39   20   27    6    0    0    0    0    0    8   12    0    0    0   49    0    161    6930     0
  175     0    0   45   25   27    0    0    0   60    0    0    0   72    0    0    0   49    0    278    8902     0
  176     0    0   45   20   27    0    0    0   48    0    0    0  132    0    0    0   45    0    317    8745     0
  177     0    0   39   25   27   17    0    0   16    0    0    4  112    0    0    0   42    0    282    8392     0
  178     0    0   42   30   27    0    0    0   20    0    0    0   44    0    0    0   39    0    202    7486     0
  179     0    0   39   15   12   10    0    0   24    0    0    0    0    0    0    0   39    0    139    7046     1
  181     0    0   39   15   27    0    0    0    0    0    0    0   20    0    0    0   76    0    177    7152     0
  182     0    0   51   25   27   10    0    0   48    0    0    0   48    0    0    0   60    0    269    8518     0
  183     0    0   39   20   15    0    0    0    0    0    0    0   72    0    0    0   78    0    224    8219     0
  ---- section-7 ----
  184     0    0   39   20   27    0    0    0    0    0    0    0   52    0    0    0   75    0    213    7635     0
  185     0    0   45   20   27    5    0    0   60    0    0    0   44    0    0    0   68    0    269    8484     0
  187     0    0   45   20   27    6    0    0    0    3    0    0   44    0    0    0   58    0    203    7503     0
  188     0    0   42   30   27    6    0    0   48    0    0    4   40    0    0    0   54    0    251    7855     0
  189     0    0   42   30   27    0    0    0    0    0    0    0   20    0    0    0   44    0    163    7228     0
  190     0    0   39   25   27   15    0    0    0    3    0    0   24    0    0    0   60    0    193    7293     0
  191     0    0   39   15   27    0    0    0    0    0    0    4   64    0    0    0   58    0    207    8687     0
  193     0    0   51   25   27    5    0    0   48    0    0    0   96    0    0    0   50    0    302   10437     0
  194     0    0   42   25   27    5    0    0    0    0    0    0  124    0    0    0   61    0    284    9171     0
  195     0    0   39   20   27    0    0    0    0    0    0    0   92    0    0    0   61    0    239    9649     0
  196     0    0   45   20   27    0    0    0   60    0    0    0  152    0    0    0   57    0    361   10100     0
  197     0    0   39   25   27    0    0    0    0    0    0    0  216    0    0    0   50    0    357   10043     0
  199     0    0   39   25   27   12    0    0   32    0    0    8  152    0    0    0   50    0    345    9256     0
  200     0    0   42   35   27    6    0    0    0    3    0    0   36    0    0    0   44    0    193    7234     0
  201     0    0   36   20   27    0    0    0   16    0    0    0    0    0    0    0   64    0    163    7455     0
  202     0    0   36   15   12    0    0    0   52    0    0    8   36    0    0    0   60    0    219    8255     0
  203     0    0   36   25   27   10    0    0   48    0    0    8   48    0    0    0   48    0    250    8437     0
  205     0    0   39   20   27    0    0    0   48    0    0    8   32    0    0    0   62    0    236    7374     0
  206     0    0   36   20   15   20    0    0   48    6    0    0   24    0    0    0   58    0    227    8043     0
  207     0    0   36   20   27    0    0    0   60    0    0    4   24    0    0    0   58    0    229    7917     0
  208     0    0   36   20   27    0    0    0    0    0    0    0   12    0    0    0   48    0    143    6770     0
  209     0    0   36   30   27    6    0    0   20    0    0    0   24    0    0    0   48    0    191    7037     0
  211     0    0   42   30   27    6    0    0    0    0    0    0   16    0    0    0   48    0    169    7043     0
  212     0    0   36   20   27    6    0    0    0    3    0   16   28    0    0    0   64    0    200    7469     0
  213     0    0   39   25   27    0    0    0   48    0    0    0   60    0    0    0   56    0    255    8465     0
  ---- interrupts ----
  214     0    0   36   25   27   15    0    0   48    0    0    8   84    0    0    0   56    0    299    8476     0
  215     0    0   39   20   27    0    0    0    0    0    0    0   52    0    0    0   70    0    208    8354     0
  217     0    0   45   15   27    5    0    0   48    3    0    0   28    0    0    0   66    0    237    8113     0
  218     0    0   36   20   27    0    0    0   60    0   16    8  112    0    0    0   66    0    345    8751     0
  219     0    0   36   20   27    0    3    0    0    3    4    0  144    0    0    0   56    0    293    8774     0
  220     0    0   36   20   27   12    3    0    0    3    0    4   88    0    0    0   56    0    249    8596     0
  221     0    0   42   30   27   12    0    0   16    6    0    0   20    0    0    0   56    0    209    7474     0
  222     0    0   39   25   27    0    0    0   16    3    0    0    4    0    0    0   71    0    185    6884     0
  224     0    0   39   20   27    0    0    0   52    3    0    0   68    0    0    0   59    0    268    9284     0
  225     0    0   36   25   27   21    3    0    0    6    0    0   65    0    0    0   59    0    242    7976     0
  226     0    0   36   20   27   12    0    0    0    3    0    0   53    0    0    0   69    0    220    8422     0
  227     0    0   45   15   27   12    0    0   48    3    4    0   44    0    0    0   69    0    267    8579     0
  228     0    0   36   30   27    5    3    0    0    9    4    0   68    0    0    0   69    0    251    8027     0
  230     0    0   36   20   27    0    0    0    0    3    0    0   52    0    0    0   63    0    201    9619     0
  231     0    0   36   20   27    6    0    0   16    0    0    4   36    0    0    0   56    0    201    7454     0
  232     0    0   36   25   27    6    0    0    0    3    0    0    4    0    0    0   52    0    153    6846     0
  233     0    0   39   20   27    0    0    0    0    6    0    0   28    0    0    0   55    0    175    8563     0
  234     0    0   36   20   27    6    0    0   48    6    0   12   68    0    0    0   59    0    282    8788     0
  236     0    0   36   25   27   10    0    0    0    3    4    0  101    0    0    0   59    0    265    8961     0
  237     0    0   36   20   12   16    3    0    0    0    4    8   93    0    0    0   69    0    261    9006     0
  238     0    0   36   15   27    0    0    0   48    0    4    4  104    0    0    0   69    0    307    9601     0
  239     0    0   36   15   27    0    0    0    0    6    0    0  164    0    0    0   69    0    317    9527     0
  240     0    0   36   20   15  256    3    0   48    9    4    4  216    0    0    0   63    0    674   11287     0
  242     0    0   36   20   27    0    3    0   16    3    0    0  116    0    0    0   60    0    281    9390     0
  243     0    0   36   20   27   12    3    0   16    6    0    0    4    0    0    0   60    0    184    7152     0
  ---- section-9 ----
  244     0    0   36   30   27    5    0    0   40    0    4    4    0    0    0    0   64    0    210    7872     0
  245     0    0   45   20    0   27    0    0   32    3    0    8   44    0    0    0   67    0    246    8244     0
  246     0    0   39   25    3   27    0    0    0    6    4    0   72    0    0    0   67    0    243    8374     0
  248     0    0   42   35    3   27    3    0    0    3    8    0   16    0    0    0   80    0    217    7519     0
  249     0    0   39   15    0   12    3    0   48    3    0    0   20    0    0    0   80    0    220    7601     0
  250     0    0   39   15    0   27    0    0    0    0    0    0   16    0    0    0   80    0    177    7185     0
  251     0    0   51   25    3   27    0    0   32    3    0    4   16    0    0    0   74    0    235    7767     0
  252     0    0   39   20    0   15    0    0    0    0   16    0   20    0    0    0   74    0    184    7445     0
  254     0    0   39   20    0   27    3    0    0    3    4    0    8    0    0    0   71    0    175    6911     0
  255     0    0   45   20    0   27    3    0   60    3    0    8   44    0    0    0   68    0    278    8747     0
  256     0    0   45   20    3   27    0    0    0    6    4    0   84    0    0    0   71    0    260    8493     0
  257     0    0   42   30    0   27    0    0    0    0    4    0   80    0    0    0   71    0    254    8077     0
  258     0    0   42   30    0   27    0    0    0    3    0   16   48    0    0    0   84    0    250    8364     0
  260     0    0   39   15    0   27    3    0    0    3    0    0   52    0    0    0   84    0    223    8358     0
  261     0    0   39   15    6   27    0    0    0    3    0    0  108    0    0    0   84    0    282   10044     0
  262     0    0   51   25    0   27    0    0   32    3    4   12  136    0    0    0   74    0    364    9497     0
  263     0    0   42   30    0   27    3    0   16   12    4    0   68    0    0    0   70    0    272    8864     0
  264     0    0   39   20    0   27    0    0    0    3    0    0    8    0    0    0   67    0    164    8418     0
  266     0    0   45   20    3   27    0    0   40    0    0    8    8    0    0    0   64    0    215    7754     0
  267     0    0   39   25    0   27    0    0   16    0    4    0   68    0    0    0   70    0    249    8188     0
  268     0    0   42   25    0   27    0    0    0    6    0    8   76    0    0    0   70    0    254    8988     0
  269     0    0   42   30    0   27    0    0    0    6    0    0   64    0    0    0   84    0    253    8488     0
  270     0    0   36   20    3   27    0    0    0    6    0    0   44    0    0    0   84    0    220    8302     0
  271     0    0   36   15    0   12    3    0    0    0   20    0   60    0    0    0   84    0    230    8854     0
  273     0    0   36   25    6   27    0    0   16    0    4   12   56    0    0    0   78    0    260    8364     0
  ---- subito ----
  274     0    0   39   20    9   27    0    0    0    6    4    0   32    0    0    0   78    0    215    7570     0
  275     0    0   33   25    0   15    3   12   48    9    8    0   28    0    0    0   72    0    253    8938     0
  276     0    0   36    0    0   27    3    0   60    6    0    0   48    0    0    0   72    0    252   10450     0
  277     0    0   39   18    0   27    3    0    0    3    0    0  108    0    0    0   78    0    276    8912     0
  279     0    0   39    0    0   27    0    8   60    3    0    0  108    0    0    0   78    0    323    8794     0
  280     0    0   39   15   12   27    0    4    0    3    0    0  100    0    0    0   92    0    292    9256     0
  281     0    0   42    9   12   27    0    8    0   10    8    0  148    0    0    0   92    0    356    9558     0
  282     0    0   51   18   12   27    3   12   48    6    4    0  200    0    0    0   92    0    473   11712     0
  283     0    0   45    3    0   27    3    8    0    6    0    0  200    0    0    0   82    0    374   10625     1
  285     0    0   30   12   12   27    0   12    0    6    0    0   84    0    0    0   72    0    255    8464     0
  286     0    0   36   21   12   27    0    8   48    3    0    0    0    0    0    0   72    0    227    7802     0
  287     0    0   24    0    0   15    0    0   32   13   12    0   96    0    0    0   64    0    256    8618     0
  288     0    0   24   15    0   27    3    0    0    3    0    0   52    0    0    0   64    0    188    7172     0
  289     0    0   33    0    0   27    3    0    0    3    0    0   48    0    0    0   64    0    178    7060     0
  291     0    0   27   15    0   27    0    4    0    6    0    0   36    0    0    0   64    0    179    7266     0
  292     0    0   24    0   12   27    0    8    0    3    0    0   20    0    0    0   64    0    158    6806     0
  293     0    0   30   21   12   27    0    4   48    3    0    0   20    0    0    0   64    0    229    8172     0
  294     0    0   18   15   12   27    3   16   40    6    0    0   24    0    0    0   56    0    217    7766     0
  295     0    0   18   12   12   27    0    8    0    3    0    0   16    0    0    0   56    0    152    7476     0
  297     0    0   21   21   12   27    0    8   48    3    4    0   13    0    0    0   56    0    213    7431     0
  298     0    0   21   12   12   27    3    8    0    9    4    0  106    0    0    0   48    0    250    8076     0
  299     0    0   12   15    0   27    0    0    0    3    0    0   98    0    0    0   48    0    203    9515     0
  300     0    0    9    0    0   27    3    0    0    0    0    0   65    0    0    0   48    0    152    6827     0
  301     0    0   18   18    0   27    0    0    0    3    0    0   16    0    0    0   48    0    130    6380     0
  303     0    0   12    0    0   27    0    8    0    6    0    0   52    0    0    0   48    0    153    7874     0
  304     0    0   15   15   12   27    0    4   48    6    4    0  132    0    0    0   48    0    311    9196     0
  ---- section-11 ----
  305     0    0    9   12   12   27    0    8    0    6   12    0  120    0    0    0   40    0    246    8724     0
  306     0    0    6   15    0   12    3    4    0   10   24    0   48    0    0    0   40    0    162    8174     0
  307     0    0    6   18   12   27    0   12   32    0   18    0    4    0    0    0   40    0    169    7410     0
  309     0    0   12   12   12   27    0    4   16    6   15    0   56    0    0    0   35    0    195    6682     0
  310     0    0    6   15    0   15    3   12   48    9   15    0   65    0    0    0   35    0    223    8456     0
  311     0    0    3    0    0   27    3    0    0    6   15    0   55    0    0    0   35    0    144    8044     0
  312     0    0    6   18    0   27    3    0    0    3    6    0   58    0    0    0   35    0    156    6828     0
  313     0    0    9    0    0   27    0    8   60    0   15    0   45    0    0    0   35    0    199    7634     0
  315     0    0   12   15   12   27    0    4   48    3   15    0   53    0    0    0   35    0    224    7263     0
  316     0    0   15   12   12   27    0    4    0   10   12    0   44    0    0    0   24    0    160    7252     0
  317     0    0   21   18   12   27    3   16    0    3   15    0   13    0    0    0   24    0    152    6669     0
  318     0    0    6    3   12   27    3    8   48    3   15    0   15    0    0    0   24    0    164    6932     0
  319     0    0    6   12   12   27    0   12    0    3   15    0   74    0    0    0   19    0    180    7040     0
  320     0    0   21   18   12   27    3    4   48    3    9    0  113    0    0    0   19    0    277    8389     0
  322     0    0    3    0    0   27    0    0    0    3   12    0  124    0    0    0   19    0    188    8254     0
  323     0    0    3   15    0   27    3    0    0    3   21    0   80    0    0    0   19    0    171    7136     0
  324     0    0   21    0    0   27    3    0   60    3   18    0  132    0    0    0   19    0    283    8598     0
  325     0    0   15   15    0   27    0    4   48   10   12    0  192    0    0    0   19    0    342    9512     0
  326     0    0   21   12   12   27    0    8   16   12   12    0  152    0    0    0    8    0    280    8280     0
  328     0    0   15   21   12   27    0    4   20    6    6    0   56    0    0    0    8    0    175    6676     0
  329     0    0    6   15   12   27    3   16   20    3   15    0    0    0    0    0   22    0    139    6380     0
  330     0    0    6   12   12   27    0    8    0    3   18    0   36    0    0    0   15    0    137    7818     0
  331     0    0   15   18   12   27    0   12   48    3   18    0   52    0    0    0    7    0    212    7443     0
  332     0    0    3   12   12   27    3    8    0    9   15    0   32    0    0    0   14    0    135    7340     0
  334     0    0    3   15    0   27    0    0    0    3   12    0   24    0    0    0   14    0     98    7744     0
  ---- playful ----
  335     0    0   12    0    0   27    0    0   60    0   15    0   24    0    0    0   14    0    152    6848     0
  336     0    0   15   18    0   27    0    4    0    0   15    0   12    0    0    0   14    0    105    5844     0
  337     0    0    9    0    0   27    0    8    0    6   12    0   16    0    0    0   14    0     92    6228     0
  338     0    0    9   21   12   27    0    4    0    6   21    0    8    0    0    0   11    0    119    6180     0
  340     0    0   12   12   12   27    0   20    0    6   15    0   32    0    0    0   19    0    155    6788     0
  341     0    0    6   15    0   12    3    4    0    0   15    0   80    0    0    0   19    0    154    8531     0
  342     0    0    6   15   12   27    0   12   48    0   15    0   99    0    0    0   15    0    249    7715     0
  343     0    0   15   12   12   27    0    8    0    3   15    0   58    0    0    0   22    0    172    6980     0
  344     0    0    3   15    0   15    0    0   48    9   15    0   40    0    0    0   22    0    167    7714     0
  346     0    0    3    0    0   27    3    0   60    3   15    0   76    0    0    0   22    0    209    7394     0
  347     0    0   18   18    0   27    3    0    0    3   15    0  148    0    0    0   22    0    254    8358     0
  348     0    0    9    0    0   27    0    4   20    6   15    0  100    0    0    0   22    0    203    7490     0
  349     0    0    9   15   12   27    0    4    0    6   15    0   24    0    0    0   19    0    131    6628     0
  350     0    0    9   12   12   27    0    4    0    0   24    0    0    0    0    0   23    0    111    6269     0
  352     0    0   18   18   12   27    3   16   52    6   12    0   28    0    0    0   26    0    218    7709     0
  353     0    0    6    3   12   27    3    4   48    3   18    0   53    0    0    0   26    0    203    7598     0
  354     0    0    9   12   12   27    0    4    0    3   24    0   51    0    0    0   30    0    172    7422     0
  355     0    0   15   18   12   27    3    8   48    0   18    0   54    0    0    0   26    0    229    7762     0
  356     0    0    3    0    0   27    0    0   60    3   15    0   46    0    0    0   26    0    180    7752     0
  358     0    0    6   15    0   27    3    0    0    0   15    0   58    0    0    0   26    0    150    6863     0
  359     0    0    3    0    0   27    0    0    0    3   12    0   47    0    0    0   26    0    118    6742     0
  360     0    0   12   15    0   27    0    4    0    3   12    0   16    0    0    0   20    0    109    6095     0
  361     0    0    9   12   12   27    0    8    0    6   12    0   37    0    0    0   24    0    147    6347     0
  362     0    0   24   21   12   27    0    4   48    3   15    0   77    0   18    0   30    0    279    8621     0
  364     0    0    6    3   12   27    3   20    0    3   15    0  117    0    0    0   30    0    236    8353     0
  ---- section-13 ----
  365     0    9    6   12   12   36    0    8    0    3   12    0  109    0    0    0   34    0    241    9044     0
  366     0   42   15   18   24   30    0   12   48    6   21    0  108    0    5    0   30    0    359    9690     0
  367     0   54   18   12   24   30    3    8    0    9   18    0  192    0    0    0   30    0    398   10516     1
  368     0   42    6   15   24   27    0    0    0    3    9    0  232    0   24    0   30    0    412   12564     0
  370     0   60    6    0   24   27    3    0   16    3   18    0  128    0    0    0   30    0    315    9182     0
  371     0   48    9   18   24   27    0    0   16    6   18    0    8    0    0    0   24    0    198    7540     0
  372     0   51    9    0   24   18    0    8   16    3   15    0    0    0    0    0   35    0    179    8168     0
  373     0   48   12   15   24   21    0    4   32    6   12    0   56    0    0    0   35    0    265    8962     0
  374     0   42    9    9   24   24    0    8    0    3   12    0   56    0    0    0   35    0    222    8204     0
  375     0   48    6   15   12   24    3   12    0    0    9    0   24    0    0    0   32    0    185    7858     0
  377     0   63    6   15   24   24    0   12   48    0   18    0   20    0    0    0   28    0    258    8737     0
  378     0   48    9   12   24   30    0    8    0    6   15    0   44    0    0    0   28    0    224    7937     0
  379     0   42    6   15   12   18    3    8   48    9   18    0   24    0    4    0   28    0    235    8869     0
  380     0   51   12    0   24   27    3    0   16    6   15    0   20    0    0    0   28    0    202    8870     0
  381     0   48    6   18   24   27    3    0    0    3   15    0    8    0    0    0   28    0    180    7329     0
  383     0   51    9    0   24   27    0    4   60    0   15    0   30    0    0    0   46    0    266    9295     0
  384     0   54   12   15   24   21    0    4   48    3   12    0   69    0    0    0   57    0    319    9231     0
  385     0   42   15    9   24   24    0    8    0    6   18    0   76    0    0    0   57    0    279    8838     0
  386     0   57   21   18   24   21    3    8    0    3   27    0   45    0    0    0   51    0    278    8601     0
  387     0   51    6    3   24   24    3    8   48    3   21    0   40    0    0    0   44    0    275    8611     0
  389     0   48    6   12   24   24    0    8    0    0   15    0   96    0    0    0   44    0    277    9137     0
  390     0   57   12   21   24   30    0    8   32    3   15    0  136    0    0    0   44    0    382    9901     1
  391     0   51    3    0   12   27    0    8   16   12   15    0   72    0    0    0   44    0    260    9107     0
  392     0   45    3   12   24   27    3    0    0    3    9    0    8    0    0    0   44    0    178    7021     0
  393     0   60   12    0   24   27    3    0   40    3    9    0    4    0    0    0   54    0    236    8258     0
  ---- yup and then deeeper ----
  395     0   54   12   18   24   27    0    4   16    3   18    0   48    0    0    0   54    0    278    8966     0
  396     0   51    9    0   24   21    0    8    0    3   18    0   78    0    0    0   54    0    266   10022     0
  397     0   48   18   21   24   24    0    4    0    6   15    0   57    0    0    0   43    0    260    8577     1
  398     0   51    9    9   24   24    3   20    0    3   21    0   45    0    0    0   43    0    252    7949     0
  399     0   48    6   15   24   24    3    8    0    3    9    0   54    0    0    0   43    0    237    9539     0
  401     0   57    9   18   24   24    0    8    0    0   21    0   49    0    0    0   43    0    253    8595     0
  402     0   48    9   12   24   30    0    0    0    3   12    0   27    0    0    0   40    0    205    7942     0
  403     0   42    3   15   24   27    0    0    0    0   21    0   22    0    0    0   40    0    194    9071     0
  404     0   60    3    0   24   27    3    0   60    3   15    0   43    0    0    0   61    0    299    8986     0
  405     0   48   15   18   24   27    3    0    0    3   12    0   98    0    0    0   72    0    320    9289     0
  407     0   51    9    0   24   21    0    8   60    6   12    0   95    0    0    0   72    0    358    9722     0
  408     0   54    9   15   24   21    0    4    0    0    9    0   97    0    0    0   58    0    291    9289     0
  409     0   42   15    9   24   24    0    8    0    3    9    0  116    0    0    0   55    0    305    9573     0
  410     0   48    6   15   24   24    3   12   48    3   21    0  184    0    0    0   55    0    443   11857     0
  411     0   51    3    6   24   24    0    8    0    6   18    0  184    0    0    0   55    0    379   11621     0
  413     0   48    9   12   24   30    0   12   48    7   15    0   84    0    0    0   52    0    341    9065     0
  414     0   42   15   21   24   30    3    8   48    9   15    0    0    0    0    0   52    0    267    9067     0
  415     0   51    3    0   24   27    0    0   40    3   15    0    0    0    0    0   63    0    226    9943     0
  416     0   48    6   18   24   24    0    0    0    0   12    0   68    0    0    0   66    0    266    8689     0
  417     0   63   15    0   24   27    0    0    0    3   12    0   52    0    0    0   97    0    293    8935     0
  419     0   54    9   15   24   18    0    4    0    6   18    0   44    0    0    0   58    0    250    8887     0
  420     0   42    9    9   24   21    0    8    0    6    9    0   28    0    0    0   58    0    214    8085     0
  421     0   48   15   21   24   24    0    4   48    6   12    0   20    0    0    0   58    0    280    9153     0
  422     0   51   18    3   12   24    3   16   16    7   12    0   20    0    0    0   58    0    240    8197     0
  423     0   48    6   12   24   24    0    8    0    0   12    0   16    0    0    0   55    0    205    7843     0
  ---- playful v ----
  425     0   57    6   18   24   30    0    6   48    6   15    0   16    0    0    0   55    0    281    8911     0
  426     0   51    9    9   12   18    0   12    0    9   18    0  112    0    0    0   74    0    324   10147     0
  427     0   42   18    9   24   27    3    3    0    6   18    0   98    0    0    0   84    0    332   12738     0
  428     0   60   18    9   24   27    3   15    0    3   21    0   67    0    0    0  103    0    350   10567     0
  429     0   54   27   15   24   27    0    9    0    3   12    0   24    0    0    0   73    0    268    8742     0
  431     0   51   18    6   24   21    0   15    0    3   21    0   60    0    0    0   70    0    289   10590     0
  432     0   48   15   18   24   24    0    9   48    6   15    0  144    0    0    0   70    0    421   11370     0
  433     0   42   24   15   24   24    3   12    0    3   18    0  124    0    0    0   62    0    351   10936     0
  434     0   48   15   12   12   24    3    0    0    9   24    0   48    0    0    0   51    0    246    9470     0
  435     0   57   15   15   24   24    0    9   32    0   18    0    8    0    8    0   51    0    261    8520     0
  437     0   48   15   15   24   30    0    9   16    3   15    0   64    0    0    0   63    0    302    8857     0
  438     0   42   15    9   12   27    0    3    0   21   15    0   90    0    0    0   69    0    303   10814     0
  439     0   54   18    9   24   27    3    6   48    3   15    0   63    0    0    0   81    0    351    8905     0
  440     0   48   21   15   24   27    3    9    0    3    6    0   74    0    0    0   62    0    292    8842     0
  441     0   51   18    6   24   27    0   15   60    0   15    0   53    0    0    0   62    0    331   10264     0
  443     0   54   18   12   24   21    0    9   48    3   15    0   70    0    0    0   62    0    336    9619     0
  444     0   42   18   15   24   24    0    9    0   10   12    0   60    0    0    0   62    0    276    9616     0
  445     0   57   24   18   24   21    3   12    0    3   15    0   25    0    0    0   56    0    258    8753     0
  446     0   51   15   12   24   24    3    6   48    3   15    0   33    0    0    0   56    0    290    8597     0
  447     0   48   12   15   24   24    0    9    0    3   15    0   79    0    0    0  107    0    336   10103     0
  448     0   57   24   18   24   30    3    6   48    3    9    0  130    0    0    0   91    0    443   11422     0
  450     0   51   15    9   24   27    0    6    0    0   12    0  139    0    0    0   91    0    374   11160     0
  451     0   48   18    9   24   27    3    3    0    3   21    0   96    0    0    0   81    0    333    9554     0
  452     0   60   21    6   24   27    3   12   60    3   18    0  156    0    0    0   78    0    468   11750     0
  453     0   54   18   12   24   21    0    9    0    6   12    0  212    0    0    0   78    0    446   12042     0
  ---- interrupts ----
  454     0   51   21    6   24   21    0   12   48    6   15    0  168    0    0    0   70    0    442   11620     0
  456     0   48   21   18   24   24    0    9   20    6    6    0   40    0    0    0   56    0    272    8938     0
  457     0   51   15   15   24   24    3   12    0    6   15    0    0    0    0    0   64    0    229    8052     0
  458     0   48   12   12   24   21    3    6    0    3   18    0   24    0    0    0   60    0    231    9621     0
  459     0   57   21   18   24   30    0    9   48    3   15    0   52    0    0    0   56    0    333    9974     0
  460     0   54   18   15   24   30    3   12    0    0   18    0   40    0    0    0   63    0    277    9397     0
  462     0   42   18    9   24   27    0    3    0    3   12    0   24    0    0    0   59    0    221    9882     0
  463     0   60   18    9   24   27    3    6   60    0   18    0   20    0    0    0   59    0    304    9334     0
  464     0   48   21   15   24   27    0    9    0    3    9    0   12    0    0    0   56    0    224    8056     0
  465     0   51   21    6   24   21    0   12   32    3   15    0   20    0    0    0   48    0    253    8750     0
  466     0   48   24   12   24   21    0    3    0    6   21    0    8    0    0    0   48    0    215    8260     0
  468     0   42   21   15   24   24    0   15    0    3   12    0   24    0    0    0   56    0    236    8409     0
  469     0   48   12   12   12   24    0    6   48    3   12    0   60    0    0    0   52    0    289    9705     0
  470     0   57   21   15   24   24    0    9   48    0   21    0   76    0    0    0   48    0    343   10058     0
  471     0   48   18   15   24   30    0   12   48    6   12    0   52    0    0    0   55    0    320    8669     0
  472     0   42   15    6   12   30    3   12   48    9   15    0   32    0    0    0   51    0    275    9544     0
  474     0   51   18    9   24   27    0    6   60    6   12    0   80    0    0    0   51    0    344   10438     0
  475     0   48   18   15   24   27    3    9    0    0   18    0  140    0    0    0   48    0    350   10032     0
  476     0   51   24    9   24   27    0    9   20    9   15    0   96    0    0    0   36    0    320    9591     0
  477     0   54   24   12   24   21    0   12    0    3   12    0   24    0    0    0   32    0    218    8498     0
  478     0   42   15   15   24   24    0    9    0    6   18    0    0    0    0    0   46    0    199    7898     0
  480     0   54   18   18   24   24    3   12   52    3   12    0   36    0    0    0   49    0    305    8920     0
  481     0   51   21   15   24   24    3    3   48    3   18    0   60    0    0    0   49    0    319    9152     0
  482     0   48   15   12   24   24    0    3    0    0   24    0   44    0    0    0   63    0    257    9506     0
  483     0   57   18   18   24   30    0    9   48    3   15    0   44    0    0    0   57    0    323    9612     0
  ---- deep beat ----
  484     3   54   15    9   24   27    0    6   60    0   15    0   66    0    0    0   57    0    336    8898     0
  486    27   21    6    0    0   24    3    3    0    3   12    0   32    0    0    0   47    0    178    7505     0
  487    42    0    0    0    0   27    3   12    0    3   12    0   26    0    0    0   36    0    161    7071     0
  488    45    0    0    0    0   21    0    9    0    6    9    0   13    0    0    0   36    0    139    6909     0
  489    51    3    0    0    0   21    0   12    0    3    9    0    6    0    0    0   39    0    144    6859     0
  490    45    0    0    0    0   24    0    9    0    3   15    0    9    0    0    0   39    0    144    6827     0
  492    45    3    0    0    0   24    3   15    0    6   18    0   13    0    0    0   39    0    166    7215     0
  493    45    0    0    0    0   21    0    6    0    3   12    0    4    0    0    0   46    0    137    7034     0
  494    45    3    0    0    0   30    0    9    0    3   18    0    6    0    0    0   46    0    160    6954     0
  495    42    6    0    0    0   30    3   12    0    9   18    0    3    0    0    0   46    0    169    7114     0
  496    45    3    0    0    0   27    0    3    0    3    9    0    3    0   20    0   39    0    152    7595     0
  498    45    3    0    0    0   24    0    6    0    6   18    0   13    0    0    0   24    0    139    6751     0
  499    48    6    0    0    0   27    0    3    0   13   18    0    9    0    0    0   20    0    144    6695     0
  500    48    3    0    0    0   18    0   15    0    6   15    0   10    0    0    0   20    0    135    6719     0
  501    42    0    0    0    0   21    0    6    0    6   12    0    8    0    0    0   27    0    122    6514     0
  502    48    0    0    0    0   24    0   15    0    6   12    0   16    0    0    0   27    0    148    7238     0
  503    48    3    0    0    0   24    3    9    0    0    9    0    4    0    0    0   41    0    141    6740     0
  505    45    6    0    0    0   24    0    9    0    0   18    0    8    0    0    0   41    0    151    7120     0
  506    48    0    0    0    0   30    0   12    0    6   15    0    3    0    0    0   41    0    155    6876     0
  507    42    0    0    0    0   18    3    9    0    9   18    0   21    0    0    0   34    0    154    7345     0
  508    48    3    0    0    0   27    3    3    0    6   15    0   14    0    0    0   34    0    153    7885     0
  509    42    3    0    0    0   27    3   12    0    3   15    0    8    0    0    0   31    0    144    6765     0
  511    48    0    0    0    0   27    0    9    0    0   15    0    7    0    0    0   31    0    137    6857     0
  512    45    0    0    0    0   21    0   12    0    3   12    0    6    0    0    0   35    0    134    6932     0
  513    48    0    0    0    0   24    0    9    0   10   18    0   18    0    0    0   35    0    162    7140     0
  ---- finally ----
  514    48    3    0    0    0   21    3    6    0    0   27    0    7    0    0    0   49    0    164    6922     0
  515    42    0    0   36    0   24    3    6    0    0   21    3    2    0    0    0   49    0    186    8334     0
  517    48    0    0   51    0   24    0    6    0    0   15    0    3    0    0    0   49    0    196    7786     0
  518    48    6    0   51    0   30    3    9    3    0   15    3    0    8   10    0   42    0    228    7915     0
  519    45    0    0   48    0   27    0    6    0    0   15    3    3    4    0    0   42    0    193    8115     0
  520    45    0    0   54    0   27    3    3    0    0    6    3    0    0    0    0   39    0    180    7275     0
  521    42    3    0   36    0   24    3   12    0    0    9    3    0    4    0    0   46    0    182    7910     0
  523    45    0    0   54    0   21    0    9    0    0   15    0    0    0    5    0   60    0    209    8416     0
  524    45    0    0   48    0   21    0   15    3    0   12    0    0    0    0    0   60    0    204    8024     0
  525    45    6    0   54    0   24    0    9    0    0   18    0    0    8   23    0   75    0    262    8393     0
  526    45    0    0   48    0   21    3   15    3    0   15    6    3    0    0    0   68    0    227    8430     0
  527    51    0    0   51    0   24    0    6    0    0    9    3    3    0    0    0   68    0    215    8486     0
  529    45    6    0   51    0   27    0    6    0    0   12    0    0   12    0    0   54    0    213    8116     0
  530    42    0    0   51    0   30    3    6    3    0   15    3    0    0    5    0   50    0    208    8223     0
  531    45    0    0   54    0   27    0    3    0    0   18    3    0    0    0    0   44    0    194    8365     0
  532    45    3    0   48    0   27    3    6    0    0   18    6    3    4    0    0   40    0    203    7798     0
  533    45    0    0   54    0   27    0    6    3    0   12    3    0    0    0    0   50    0    200    7961     0
  535    48    0    0   48    0   21    0   15    3    0   15    0    0    0    0    0   50    0    200    7756     0
  536    42    6    0   42    0   12    0    9    3    0    9    0    0    4    0    0   61    0    188    8043     0
  537    48    0    0   48    0   24    3   15    3    0   12    3    3    0    0    0   57    0    216    8342     0
  538    45    0    0   39    0   24    3    6    0    0   18    6    3    0    0    0   57    0    201    8304     0
  539    45    0    0   51    0   24    0    6    0    0   18    0    0    8    0    0   50    0    202    7817     0
  541    48    0    0   51    0   30    0   12    3    0   18    3    0    0    0    0   50    0    215    7849     0
  542    45    0    0   39    0   27    0    3    6    0   15    3    0    4    0    0   44    0    186    8141     0
  543    48    0    0   48    0   24    3    3    0    0   15    3    0    4    0    0   48    0    196    7476     0
  ---- pause() ----
  544    42    0    0   54    0   27    3   12    3    0    9    3    0    0    0    0   48    0    201    7856     0
  545    48    0    0   48    0   21    0    9    0    0   18    0    0    0    0    0   48    0    192    7856     0
  546    45    0    0   54    0   21    0    6    3    0   21    0    0    8    0    0   62    0    220    8330     0
  548    48    0    0   48    0   24    0   12    0    0   12    0    0    0    0    0   58    0    202    7919     0
  549    48    0    0   54    0   24    3    9    0    0   12    3    3    0    0    0   58    0    214    7863     0
  550    42    0    0   51    0   21    3    6    0    0   15    3    0    8    0    0   48    0    197    8148     0
  551    48    0    0   51    0   30    0    6    0    0   12    0    0    0    0    0   48    0    195    7800     0
  552    48    3    0   51    0   30    3    9    3    0   15    3    3    8    0    0   48    0    224    7924     0
  554    45    0    0   48    0   27    0    6    0    0    9    0    0   16    0    0   52    0    203    8435     0
  555    45    0    0   54    0   27    3    3    0    0   18    6    0    0    0    0   56    0    212    7926     0
  556    42    0    0   36    0   27    0   15    0    0   21    3    3    0    0    0   92    0    239    8696     0
  557    45    0    0   54    0   21    0    9    0    0   12    0    0    0    0    0   70    0    211    7996     0
  558    45    0    0   48    0   21    0   15    3    0   18    0    0    0    0    0   66    0    216    8213     0
  560    45    3    0   54    0   24    0    9    0    0   12    3    3    0    0    0   66    0    219    8157     0
  561    45    0    0   36    0   24    3   12    3    0   21    6    0    8    0    0   56    0    214    8286     0
  562    51    0    0   51    0   24    0    0    0    0   30    3    0    0    0    0   56    0    215    8094     0
  563    45    3    0   51    0   30    0   12    3    0   15    0    0    4    0    0   56    0    219    7994     0
  564    42    0    0   36    0   30    3    9    3    0   15    3    0    0    0    0   59    0    200    8206     0
  566    45    0    0   54    0   27    0    3    0    0   15    3    0    0    0    0   59    0    206    8678     0
  567    45    0    0   48    0   27    3   15    0    0   15    6    0    0    0    0   89    0    248    8416     0
  568    45    0    0   54    0   27    0    9    3    0    9    0    0    4    0    0   69    0    220    8337     0
  569    48    0    0   48    0   21    0   15    3    0   12    0    0    0    0    0   69    0    216    8393     0
  570    42    3    0   42    0   24    0    9    3    0   15    0    0    0    0    0   69    0    207    8213     0
  572    48    0    0   48    0   24    3    9    3    0   21    3    0    4    0    0   56    0    219    7546     0
  573    45    0    0   51    0   24    3    9    0    0   12    3    0    0    0    0   52    0    199    8255     0
  ---- subito ----
  574    45    3    0   51    0   24    0    6    0    0   18    0    0    4    0    0   52    0    203    7639     0
  575    48    0    0   12   12   30    0   12    3    0    0    3    0    0    0    0   55    0    175    7247     0
  576    45    0    0    0   27   27    0    3    0    0    0    3    0    4    0    0   59    0    168    7770     0
  578    45    0    0    0   27   27    3    6    0    0    0    3    0    0    0    0   85    0    196    7681     0
  579    42    0    0    0   27   27    3    6    3    0    0    3    0    0    0    0   69    0    180    7597     0
  580    48    0    0    0   27   21    0   12    3    0    0    0    0    4    0    0   69    0    184    7889     0
  581    48    0    0    3   27   21    0    9    3    0    0    0    0    0    0    0   69    0    180    7373     0
  582    48    0    0    0   27   24    0   12    3    0    0    0    0    0    0    0   60    0    174    7373     0
  584    48    0    0    0   42   24    3    9    3    0    0    6    0    0    0    0   60    0    195    7373     0
  585    42    0    0    0   27   24    0    6    0    0    0    3    0    0    0    0   60    0    162    7877     0
  586    48    0    0    0   27   30    0    6    0    0    0    0    0    0    0    0   95    0    206    7520     0
  587    42    0    0    3   39   30    3   12    3    0    0    3    0    8    0    0   67    0    210    7796     0
  588    45    0    0    0   27   27    0    6    0    0    0    3    0    0    0    0  100    0    208    8610     0
  590    45    0    0    0   27   27    0    3    0    0    0    6    0    4    0    0   80    0    192    7679     0
  591    48    3    0    3   27   27    0   15    0    0    0    3    0    4    0    0   80    0    210    7679     0
  592    45    0    0    0   27   21    0    9    3    0    0    0    0    0    0    0   80    0    185    7555     0
  593    45    0    0    0   27   21    0   12    3    0    0    0    0    0    0    0   74    0    182    7555     0
  594    45    6    0    0   27   24    0    3    0    0    0    3    0    0    0    0   71    0    179    7387     0
  595    45    0    0    3   27   24    3   15    0    0    0    6    0    0    0    0   71    0    194    8325     0
  597    48    0    0    0   27   24    0    3    0    0    0    0    0    0    0    0   87    0    189    7751     0
  598    45    3    0    0   27   30    0   12    3    0    0    3    0    8    0    0   71    0    202    7523     0
  599    42    0    0    0   27   27    0   12    3    0    0    3    0    4    0    0   88    0    206    8185     0
  600    48    0    0    6   27   27    3    3    0    0    0    3    0    0    0    0   84    0    201    7394     0
  601    42    3    0    3   27   27    3   15    0    0    0    3    0    0    0    0   84    0    207    7842     0
  603    45    0    0    0   27   27    0    9    3    0    0    0    0    0    0    0   78    0    189    7786     0
  ---- RADIANT ----
  604    48    0    0    0   27   21    0    9    3    0    0    0    0    4    0    0   74    0    186    7735     0
  605    45    6    0    0   27   24    0   12    0    0    0    0    0    0    0    0   67    0    181    7436     0
  606    45    0    0    0   42   21    0    9    3    0    0    3    0    0    0    0   67    0    190    7492     0
  607    45    0    0    0   27   24    0    9    0    0    0    3    0    0    0    0   56    0    164    7702     0
  609    45    3    0    0   27   24    0    3    0    0    0    0    0    4    0    0   56    0    162    7266     0
  610    48    0    0    0   39   30    0    9    3    0    0    3    0    0    0    0   56    0    188    7142     0
  611    45    0    0    0   27   27    0    3    0    0    0    0    0    4    0    0   56    0    162    7770     0
  612    45    3    0    0   27   27    0    6    0    0    0    6    0    0    0    0   56    0    170    7310     0
  613    42    0    0    0   27   24    0    9    3    0    0    3    0    0    0    0   56    0    164    7366     0
  615    48    0    0    0   27   21    0   12    0    0    0    0    0    0    0    0   56    0    164    7198     0
  616    42    0    0    0   27   21    0    9    3    0    0    0    0    0    0    0   56    0    158    7198     0
  617    48    0    0    0   27   24    0   12    3    0    0    3    0    0    0    0   56    0    173    7296     0
  618    48    0    0    0   42   21    0    9    0    0    0    6    0    0    0    0   48    0    174    7184     0
  619    48    0    0    6   27   24    0    9    0    0    0    3    0    4    0    0   48    0    169    7532     0
  621    48    0    0    6   27   27    0   12    3    0    0    0    0    0    0    0   48    0    171    7016     0
  622    42    0    0    0   39   30    0   12    6    0    0    3    0    8    5    0   48    0    193    7488     0
  623    45    0    0    0   27   27    0    6    0    0    0    3    0    0    0    0   48    0    156    7756     0
  624    45    0    0    3   27   27    0    9    0    0    0    6    0    0    0    0   48    0    165    7072     0
  625    48    0    0    0   27   27    0   12    0    0    0    0    0    4    0    0   44    0    162    7245     0
  627    45    0    0    0   27   21    0    3    3    0    0    0    0    0    0    0   40    0    139    6890     0
  628    45    0    0    0   27   12    0   15    3    0    0    0    0    0    0    0   32    0    134    6988     0
  629    48    3    0    0   42   24    0    6    0    0    0    3    0    0    0    0   32    0    158    6484     0
  630    42    0    0    3   27   24    0    9    0    0    0    3    0    4    0    0   32    0    144    7168     0
  631    48    0    0    0   27   24    0    6    0    0    0    0    0    0    8    0   32    0    145    6876     0
  633    45    3    0    0   39   30    0   12    3    0    0    3    0    4    0    0   32    0    171    7000     0
  634    45    0    0    3   27   27    0    6    0    0    0    3    0    4    0    0   32    0    147    7156     0
  ---- section-22 ----
  635    45    0    0    0   27   24    0    3    0    0    0    3    0    0    0    0   32    0    134    6708     0
  636    42    0    0    0   27   27    0    9    0    0    0    3    0    0    0    0   24    0    132    6750     0
  637    45    0    0    0   27   21    0   12    3    0    0    0    0    0    0    0   24    0    132    6918     0
  638    51    0    0    3   27   21    0    9    3    0    0    0    0    0    0    0   16    0    130    6792     0
  640    45    3    0    0   27   24    0   12    0    0    0    0    0    0    0    0   16    0    127    6624     0
  641    45    0    0    0   42   24    0    9    3    0    0    3    0    0    0    0   16    0    142    6680     0
  642    45    0    0    0   27   21    0    3    0    0    0    3    0    0    0    0   16    0    115    7128     0
  643    45    3    0    0   27   30    0    6    0    0    0    0    0    0    0    0   16    0    127    6624     0
  644    42    0    0    0   39   30    0   12    3    0    0    3    0    0    0    0   16    0    145    6680     0
  646    45    0    0    0   27   27    0    3    0    0    0    0    0    0    0    0   16    0    118    7184     0
  647    45    0    0    0   27   24    0    6    0    0    0    6    0    0    0    0    8    0    116    6498     0
  648    48    0    0    0   27   27    0    9    3    0    0    3    0    0    0    0    8    0    125    6666     0
  649    48    0    0    0   27   18    0   12    0    0    0    0    0    0    0    0    0    0    105    6428     0
  650    42    3    0    3   27   21    0    9    3    0    0    0    0    0    0    0    0    0    108    6316     0
  652    48    0    0    0   27   24    0   15    3    0    0    3    0    0    0    0    0    0    120    6540     0
  653    48    0    0    0   27   24    0    9    0    0    0    6    0    0    0    0    0    0    114    6484     0
  654    45    0    0    6   27   24    0    9    0    0    0    3    0    0    0    0    0    0    114    6764     0
  655    48    0    0    3   27   30    0   12    3    0    0    0    0    0    0    0    0    0    123    6260     0
  656    42    0    0    0   27   18    0    9    6    0    0    3    0    0    0    0    0    0    105    6652     0
  658    48    0    0    0   27   27    0    6    0    0    0    3    0    0    0    0    0    0    111    6764     0
  659    42    0    0    0   27   27    0    3    0    0    0    6    0    0    0    0    0    0    105    6316     0
  660    48    0    0    6   27   27    0   15    0    0    0    0    0    0    0    0    0    0    123    6596     0
  661    45    0    0    0   27   21    0    6    3    0    0    0    0    0    0    0    0    0    102    6316     0
  662    48    0    0    0   27   24    0   15    3    0    0    0    0    0    0    0    0    0    117    6484     0
  664    48    6    0    6   42   21    0    9    0    0    0    3    0    0    0    0    0    0    135    6372     0
  ---- section-23 ----
  665    42    0    0    6   27   24    0    9    0    0    0    3  108    0   26    0    6   18    269   10540     0
  666    48    0    0    0   27   24    0    6    0    0    0    0  204    0    8    3    0   54    374   11704     0
  667    48    6    0    0   39   30    0    9    3    0    0    3  204    3   26    9   12   54    446   11536     0
  668    45    0    0    0   27   27    0    3    0    0    0    3  216    6    7   12    3   57    406   12140     0
  670    45    0    0    3   27   27    0    3    0    0    0    3  201    0    7   12    3   48    379   11436     0
  671    42    3    0    0   27   27    0    9    0    0    0    3  201    3    4   12    6   48    385   11356     0
  672    45    0    0    0   27   21    0   12    3    0    0    0  204    0    4   15    0   54    385   11916     0
  673    51    0    0    0   27   21    0    9    3    0    0    0  204    0   13   18    6   54    406   12320     0
  674    45    6    0    0   27   24    0    6    0    0    0    0  216    3    3   21    3   57    411   11704     0
  676    45    0    0    0   42   24    0   12    3    0    0    3  201    3   10   21    6   48    418   11816     0
  677    45    0    0    0   27   24    0    6    0    0    0    3  201    6    0   24    0   60    396   12264     0
  678    45    6    0    0   27   24    0    6    0    0    0    0  204    0    8   30    6   54    410   12376     0
  679    48    0    0    0   39   30    0   12    3    0    0    3  204    3   23   33    3   57    458   12208     0
  680    45    0    0    0   27   27    0    3    0    0    0    3  216    6    7   33    6   54    427   12364     0
  682    45    0    0    0   27   27    0    6    0    0    0    3  201    0    7   33    6   48    403   11996     0
  683    42    0    0    0   27   27    0    9    3    0    0    3  201    6    4   36    0   51    409   12040     0
  684    48    0    0    0   27   21    0   15    0    0    0    0  216    3    7   39    6   51    433   12880     0
  685    48    0    0    0   27   21    0    9    3    0    0    0  204    3   13   42    3   57    430   12544     0
  686    48    0    0    3   27   24    0   15    3    0    0    0  216    3    3   42    6   51    441   12152     0
  688    48    0    0    3   42   24    0    9    0    0    0    3  201    0   10   45    0   57    442   12276     0
  689    42    0    0    0   27   24    0    6    0    0    0    3  201    3    0   51    6   48    411   12656     0
  690    48    0    0    0   27   24    0    0    0    0    0    0  204    0    8   54    3   60    428   12656     0
  691    48    3    0    3   39   30    0   12    3    0    0    3  204    3   26   54    6   54    488   12264     0
  692    45    0    0    6   27   27    0    6    0    0    0    0  216    6    7   57    0   54    451   12756     0
  694    45    0    0    3   27   27    0    3    0    0    0    3  201    3   10   57    0   48    427   12276     0
  ---- section-24 ----
  695    39    0    0    0   27   24    0   15    0    0    3    3  201    3    7   60    6   54    442   12432     0
  696    15    0    0    0   27   21    0    9    3    0    0    3  216    0    7   63    3   51    418   12432     0
  697     6    0    0    3   27   21    0   15    3    0    0    3  204    3    6   63    6   51    411   11636     0
  698     3    3    0    0   27   24    0    9    0    0    0    3  216    3    3   66    0   57    414   11872     0
  700     9    0    0    0   42   24    0    9    3    0    0    3  201    0    7   72    6   51    427   12220     0
  701     3    0    0    0   27   24    0    9    0    0    0    6  201    9    0   75    3   60    417   12880     0
  702    12    3    0    0   27   30    0    6    0    0    0    6  216    0   11   75    6   51    443   13016     0
  703     6    0    0    0   39   30    0   12    3    0    0    3  204    6    4   78    0   54    439   11928     0
  704     3    0    0    0   27   27    0    3    0    0    0    3  216    6    7   81    6   54    433   12644     0
  706     9    0    0    0   27   27    0    6    0    0    0    6  201    3   22   81    6   54    442   12432     0
  707     0    0    0    0   27   24    0    6    3    0    3    3  201    9    4   84    3   51    418   12264     0
  708     0    0    0    0   27   21    0   12    3    0    0    3  216    3    8   84    6   45    428   12880     0
  709     6    0    0    3   27   21    0    9    3    0    0    3  204    6    4   87    0   57    430   12140     0
  710     3    0    0    0   27   24    0   12    3    0    0    0  216    3    3   93    6   54    444   12432     0
  712     3    0    0    3   42   24    0    9    3    0    0    3  201    3   13   96    3   57    460   12948     0
  713     6    0    0    0   27   21    0    6    0    0    3    6  201    6    0   96    6   48    426   12892     0
  714     3    0    0    0   27   30    0    6    0    0    0    6  216    0   29   99    0   54    470   13284     0
  715    12    3    0    3   39   30    0   12    3    0    0    3  204    6    8   99    6   54    482   12488     0
  716     3    0    0    0   27   27    0    6    0    0    0    3  204    6   11   96    3   57    443   13104     0
  718     0    0    0    0   27   27    0    3    0    0    0    6  201    3   19   93    3   48    430   12376     0
  719     3    3    0    0   27   24    0   15    0    0    3    3  201    3    4   93    6   48    433   12308     0
  720     6    0    0    0   27   21    0    9    3    0    0    3  216    0   11   96    0   51    443   12936     0
  721     6    0    0    6   27   21    0   12    3    0    0    3  204    0    4   99    6   54    445   12364     0
  722     6    6    0    0   27   24    0    3    0    0    0    0  216    3    3   99    6   57    450   12320     0
  724     3    0    0    0   42   24    0   15    3    0    0    3  201    0    7   96    6   51    451   12644     0
  ---- section-25 ----
  725     3    0    0    0   27   24    0    3    3    0    3    6  201    9    0   99    0   60    438   13364     0
  726     9    3    0    0   27   30    0    9    0    4    0    6  216    0   23   99    6   51    483   13924     0
  727     0    0    0    0   39   30    3   12    3    4    0    3  204    3   11   96    3   57    468   12376     0
  728     0    0    0    0   27   27    0    3    0    0    0    3  204   12    8   93    6   54    437   13128     0
  730     3    3    0    0   27   27    3    6    3    0    0    6  216    3    3   93    6   51    450   12600     0
  731     3    0    0    0   27   24    3    9    3    0    3    3  201    6    4   96    0   51    433   12432     0
  732     3    0    0    0   27   21    0    9    0    4    0    3  216    0   14   99    6   51    453   13632     0
  733     0    0    0    0   27   21    0   12    3    0    0    3  204    6    4   99    3   57    439   12420     0
  734    12    0    0    6   27   24    0    9    0    0    0    0  204    6    7   96    6   51    448   12376     0
  736     0    0    0    0   42   24    3   12    0    4    0    3  216    3    7   99    0   60    473   12700     0
  737     3    0    0    0   27   21    0    3    3    0    3    6  201    3    0   99    6   48    423   13116     0
  738     0    0    0    6   27   30    0    3    0    0    0    6  216    0    3   96    3   57    447   12220     0
  739     0    3    0    3   39   30    3    9    3   12    0    3  204    3    7   93    6   54    472   12544     0
  740     0    0    0    6   27   27    0    6    0    0    0    3  204    0   32   96    0   54    455   13060     0
  742     6    0    0    0   27   27    3    3    3    0    0    6  216    3    3   93    0   51    441   12376     0
  743     6    0    0    0   27   27    0   12    3    0    3    3  201    3    7   99    6   54    451   12724     0
  744     0    0    0    6   27   21    0    9    0    4    0    3  216    0   17   99    3   51    456   13116     0
  745     6    0    0    6   27   21    0   12    3    0    0    3  204    0    3   96    9   51    441   12476     0
  746     6    3    0    0   27   24    0    9    0    0    0    0  204    6   11   99    0   57    446   12600     0
  748     9    0    0    0   42   24    3   15    0    0    0    3  216    3    4   99    6   54    478   12812     0
  749     3    0    0    0   27   24    0    6    3    4    3    6  216    9   10   96    3   60    470   13340     0
  750    12    3    0    0   27   30    0    9    0    0    0    6  216    0    0   93    6   51    453   12320     0
  751     3    0    0    3   39   30    3   12    3    4    0    3  204    6    4   96    0   54    464   12600     0
  752     3    0    0    0   27   27    0    3    0    0    0    3  204    0   41   99    6   54    467   13464     0
  754     6    0    0    0   27   24    3    6    3    0    3    6  216    0    3   96    6   57    456   12656     0
  ---- moving wings ----
  755     3    0   18    6   27   27    0    3    3    0    3    3  201    9   10   99    3   48    463   13063     0
  756     0    0   12    6   27   21    0   15    0    0    0    3  201    0    4   96    6   45    436   12739     0
  757     3    0   15   12   27   21    0    6    3    0    0    3  204    6    4   99    0   57    460   12927     0
  758     9    0    9    6   27   24    0   15    0    0    0    0  204    0   10   99    6   54    463   13514     0
  760     3    0    6    0   42   21    3    9    0    4    3    3  216    3    7   96    3   60    479   13048     0
  761     6    0   15    0   27   24    0    9    3    4    3    6  216    3    7   93    6   48    470   13343     0
  762     3    0   15   14   27   30    0    6    0    0    0    6  201    0    3   96    0   54    455   12332     0
  763     3    0   18   12   39   30    3    9    3    8    0    3  204    3    4   99    6   54    498   13443     0
  764     3    0    9    6   27   27    0    3    0    0    0    3  204    0    7   99    3   57    448   13738     0
  766     0    0   12    0   27   24    3    3    3    0    3    6  216    3    3   96    3   51    453   12544     0
  767     3    3   18    6   27   27    0    9    3    8    3    3  216    3   22   96    6   48    501   13178     0
  768     3    0   12    6   27   21    0   12    0    0    0    3  201    0    7   99    0   51    442   12547     0
  769     3    0   15   18   27   21    0    9    3    0    0    3  216    3    8   99    6   51    482   12939     0
  770     6    6    9    6   27   24    0    6    0    4    0    0  204    0    8   96    3   60    459   13042     0
  772     9    0    6    0   42   21    3   12    0    0    3    3  216    3    4   93    6   51    472   12700     0
  773     0    0   15    6   27   24    0    6    0    4    3    6  216    3   10   96    0   57    473   14051     0
  774     9    6   15   12   27   30    0    6    0    0    0    6  201    0    0   99    6   51    468   12618     0
  775     6    0    6   24   39   30    3   12    3    8    0    3  216    6    7   99    3   57    522   13399     0
  776     0    0    9    6   27   27    0    3    0    0    0    3  204    0    7   96    6   54    442   13974     0
  778     3    3   12    6   27   24    0    6    3    0    3    6  216    0    3   96    6   51    465   12603     0
  779     6    0   18    6   27   27    0    9    3    4    3    3  216    3   19   99    0   48    491   13290     0
  780     3    0   12    6   27   18    0   15    0    0    0    3  201    3    4   99    6   51    448   13007     0
  781     3    0    6   12   27   21    0    9    3    0    0    3  201    3   14   96    3   57    458   12992     0
  782    12    0    9    6   27   24    0   15    0    0    0    0  204    0    8   93    6   51    455   13107     0
  784     0    0    6    6   27   24    0    9    0    4    3    6  216    3    7   96    0   60    467   12827     0
  ---- incipient - moves -- wings are moving ----
  785     3   12   15   12   15    3    0    6    0    4    3    6  108    0    0   93    6   48    334   10301     0
  786     3   18   15    6    6    0    0    6    0    0    0    6    0    0    0   90    3   57    210    8111     0
  787     0   21    6    6    3    0    3   12    3    4    0    3    0    0    0   87    6   51    205    8456     0
  788     0   30   15    6    0    0    0    6    0    0    0    3    0    0    0   87    6   54    207    8866     0
  789     6   27   12    0    0    0    3    6    0    0    3    6    0    0    0   87    0   51    201    7831     0
  791     3   33   18   12    6    0    0   15    0    4    0    3    0    0    0   84    6   54    238    8733     0
  792     0   27   12   12    6    0    0    9    0    0    0    3    0    0    0   78    3   51    201    8018     0
  793     6   21    9    0    0    0    0   15    3    4    0    3    0    0    0   75    6   51    193    7828     0
  794     6   27    6    6    3    0    3    9    0    0    0    3    0    0    0   75    0   57    195    8586     0
  795     3   30    6   18    6    0    3    6    3    0    0    6    0    0    0   72    6   51    210    8002     0
  797     3   24   15   12    0    0    0    9    3    0    0    3    0    0    0   69    3   60    201    7999     0
  798     9   33   18   12    0    0    0    9    0    4    0    3    0    0    0   66    6   54    214    8055     0
  799     3   27    9    6    0    0    0    3    0   16    3    6    0    0    0   66    0   54    193    8251     0
  800     3   27   15    6    3    0    3    3    3    0    0    6    0    0    0   63    0   48    180    7215     0
  801     3   30    9   24    6    0    3    9    3    0    0    3    0    0    0   63    6   51    210    8351     0
  803     3   27   12    0    0    0    0    6    0    4    0    0    0    0    0   57    3   54    166    7670     0
  804     6   27   15    6    0    0    0   12    0    0    0    3    0    0    0   54    6   51    180    8331     0
  805     6   24    9    6    3    0    0    9    0    0    0    3    0    0    0   54    0   57    171    7785     0
  806     9   27    6   12    3    0    3   12    0    0    0    3    0    0    0   51    6   51    183    7327     0
  807     0   24   15    6    0    0    3    6    3    0    3    6    0    0    0   48    3   60    177    7911     0
  809     3   27   12    0    0    0    0    6    3    0    0    6    0    0    0   45    6   51    159    7843     0
  810     3   33   18   19    3    0    3   12    3    4    0    3    0    0    0   45    0   54    200    7278     0
  811     0   21    9    6    3    0    0    3    0    0    0    3    0    0    0   42    6   54    147    8210     0
  812     0   30   12   18    0    0    3    6    3    0    3    6    0    0    0   36    6   57    180    7571     0
  813     6   27   18   13    0    0    0    9    3    4    3    3    0    0    0   36    3   48    173    7620     0
  ---- not curly ----
  815     0   24   12    6    6    0    3   15    0    0    0   12    0    0    0   33    6   45    162    7295     0
  816     3   24    6   18    6    0    0    9    3    4    0    0    0    0    0   33    0   57    163    7352     0
  817     9   21    9    6    0    0    6   12    0    0    0    0    0    0    0   30    6   54    153    8038     0
  818     0   27    6    0    0    0    0    3    0   12    3    8    0    0    0   27    3   60    149    7059     0
  819     6   33   15    0    3    0    6    9    3    0    0    8    0    0    0   24    6   51    164    7284     0
  821     3   24   15   19    3    0    0    9    0    0    0    0    0    0    0   24    0   54    151    6652     0
  822     3   21    9    0    0    9    6   12    3    8    0    8    0    0    0   21    6   54    160    7192     0
  823     3   30   12   13    0    0    0    6    0    0    0    0    0    0    0   15    6   54    139    7882     0
  824     0   27   12    7    3    5    0    9    3    0    0    4    0    0    0   15    3   51    139    6599     0
  825     0   24   12   12    6   13    3   15    0    8    0    4    0    0    0   12    6   48    163    6935     0
  827     3   27   15   12    0    0    6    9    0    0    0    4    0    0    0   12    0   57    145    7083     0
  828     3   21    9    6    0    0    0    9    3    4    0    4    0    0    0    9    6   51    125    7221     0
  829     3   30    9    6    6    0    6   12    0    8    0    0    0    0    0    6    3   57    146    6611     0
  830     6   27    3    6    3    0    3    6    3    0    0    0    0    0    0    3    6   45    111    6665     0
  831     3   24   15    7    0    5    3    9    3    0    0    0    0    0    0    3    0   57    129    6484     0
  833    12   33   18   18    0    8    6    6    0    4    0    4    0    0    0    0    6   54    169    7109     0
  834     6   27    9   19    6    0    0    6    0    0    3    8    0    0    0    0    3   57    144    6726     0
  835     0   24   12   19    6    0    6    3    3    0    0    0    0    0    0    0    3   48    124    6039     0
  836     3   30   18    6    0    5    6   12    3    0    0    0    0    0    0    0    6   48    137    6655     0
  837     6   27    9    6    3    0    0    9    0    4    0    4    0    0    0    0    0   51    119    7074     0
  838     6   27   15   12    6    5   18   12    3    0    0    0    0    0    0    0    6   54    164    6543     0
  840     6   24    9    6    0    4    0    9    0    4    0    0    0    0    0    0    3   57    122    6782     0
  841    12   27    6    6    0    0    6   12    0    0    0    0    0    0    0    0    6   51    126    6665     0
  842     3   27   15    6    0    0    0    6    3    4    3    4    0    0    0    0    0   57    128    7074     0
  843     9   27   15   12    0    5    3    9    0    4    0    0    0    0    0    0    6   51    141    6434     0
  ---- section-29 ----
  844     3   27   18   24    3    0    0   12    3    4    0    0    0    0    0    0    3   57    154    6655     0
  846     0   21   15    6    0    0   12    3    0    0    0    0    0    0    0    0    6   54    117    7478     0
  847     3   33   18    0    0   13    3    6    3    0    3    0    0    0    0    0    6   48    136    6991     0
  848     6   33   24    6    3    0    0    9    0    0    3    4    0    0    0    0    0   51    139    6260     0
  849     3   24   18   24    3    0    0   12    0    0    0    0    0    0    0    0    6   51    141    6965     0
  850     6   24   18    0    0    0    6    3    3    4    0    4    0    0    0    0    3   57    128    6596     0
  852     3   24   21   13    0    0    0   15    0    0    0    0    0    0    0    0    6   48    130    7420     0
  853     6   27   27    0    3    0    0    6    3    0    3    8    0    0    0    0    0   60    143    6891     0
  854     3   27   36   18    6   13    0    9    3    0    0    0    0    0    0    0    6   51    172    7109     0
  855     0   24   18   12    0    0   15   12    0    8    0    0    0    0    0    0    3   60    152    6711     0
  856     0   21   21    6    0    0    0   12    3   12    3    8    0    0    0    0    6   51    143    7183     0
  858     0   33   24    6    6    5    3    6    3    0    0    0    0    0    0    0    6   48    140    6655     0
  859     0   24   39   12    6    0    0    9    3    0    0    0    0    0    0    0    0   51    144    6711     0
  860     3   24    6   12    0    5    6    9    0    4    0    4    0    0    0    0    6   54    133    7557     0
  861     0   30   15   12    0    4    0   12    0    0    0    0    0    0    0    0    3   57    133    7081     0
  862     6   21   21   13    0    0    6    9    0    0    0    8    0    0    0    0    6   51    141    6487     0
  864     0   24   36   12    3    0    0   12    0    4    0    0    0    0    0    0    0   57    148    6711     0
  865     3   27   21    6    0    5    6    3    3    0    0    0    0    0    0    0    6   48    128    6555     0
  866     0   24   12    6    0    0    9    3    3    0    0    0    0    0    0    0    3   57    117    6959     0
  867    12   33   18   12    0    0    3    9    0    8    0    0    0    0    0    0    6   54    155    6484     0
  868     0   27   27    0    6    0    3    6    0    0    0    0    0    0    0    0    0   54    123    7150     0
  870     6   24   24    0    3    0    0    3    3    0    0    0    0    0    0    0    0   51    114    6372     0
  871     6   33   12   12    0    0    0   12    3    0    3    0    0    0    0    0    6   54    141    7352     0
  872     0   27   15    6    0    0    6    9    0    0    0    4    0    0    0    0    6   51    124    6497     0
  873     6   21   24   19    3    0    3   12    3    4    0    0    0    0    0    0    6   51    152    6599     0
  ---- section-30 ----
  874     6   24   30    0    3    0    3    9    0    0    0    0    0    0    0    0    0   57    132    6900     0
  876     9   21   18    0    0    0    6   15    0    0    3    4    0    0    0    0    6   54    136    6484     0
  877     3    6   18    3    0    0    0    6    0    0    3    8    0    0    0    0    3   60    110    6316     0
  878    12   21   24    3    6    0    0   12    0    0    0    0    0    0    0    0    6   51    135    6540     0
  879     3   12   24    3    6    0    3   12    3   12    0    4    0    0    0    0    0   54    136    6552     0
  880     3   12   36    0    3    0    0    3    0    0    0    0    0    0    0    0    0   54    111    7976     0
  881     6   12   15    3    0    0   18   12    0    0    3    4    0    0    0    0    6   54    133    5986     0
  883     3   12   15    3    0    0    0    3    0    0    0    0    0    0    0    0    3   51     90    5924     0
  884     3    9   18    0    0    6    6   15    0    0    0    0    0    0    0    0    6   45    108    6644     0
  885     6    6   24    0    0    0    0    6    3    4    0    4    0    0    0    0    0   57    110    6484     0
  886     9    9    9    3    0    0    3   15    0    0    0    0    0    0    0    0    6   51    105    6148     0
  887     3    6   18    0    3    0    0    6    3    0    0    0    0    0    0    0    6   60    105    6664     0
  889     9   21   15    0    6    0    3    9    3    4    0    0    0    0    0    0    6   51    127    6596     0
  890     6   21   21    0    0    0    0   12    0    4    0    0    0    0    0    0    0   57    121    6372     0
  891     3   15   30    3    0    0    0    3    0   32    3    4    0    0    0    0    6   51    150    7068     0
  892     3    9   15    3    3    0    0    3    3    0    0    0    0    0    0    0    6   54     99    6036     0
  893     6    9   15    3    3    0    0   12    3    0    0    0    0    0    0    0    3   51    105    6148     0
  895     0   12   18    0    0    7    0    9    0    4    0    8    0    0    0    0    6   48    112    6540     0
  896     3   15   24    6    0    0    0   12    0    0    0    0    0    0    0    0    0   57    117    6428     0
  897     3   12   15    3    6    0    0    9    0    0    0    0    0    0    0    0    6   54    108    6396     0
  898     0    9   21    0    6    0    6    6    0    8    0    0    0    0    0    0    3   57    116    6272     0
  899     6   15   24    0    0    0   18    6    3    0    3    0    0    0    0    0    6   48    129    6720     0
  901     0   18   27    0    3    0    3    6    0    0    0    0    0    0    0    0    0   54    111    7318     0
  902     0   33   39    6    6    0   15    9    3    8    0    4    0    0    0    0    6   54    183    6664     0
  903     3    3    9    0    3    0    0    6    0    0    0    0    0    0    0    0    6   57     87    6856     0
  ---- better for later ----
  904     0   15   15    0    0    0   12    3    3    0    3    0    0    0    0    0    3   51    105    6148     0
  905     3   15   18    3   18    3    6   12    0   12    3    0    0    0    0    0    6   48    147    6832     0
  907     3   18   24    3    9    3    3    9    0    0    0    0    0    0    0    0    0   51    123    6540     0
  908     3    6   15    3   15    9    6   15    3    4    0    4    0    0    0    0    6   51    140    6776     0
  909     3   18   15    0    9    3   12    9    0    4    0    0    0    0    0    0    3   60    136    6744     0
  910    18    9   21    3    6    3    3   15    0    0    3    4    0    0    0    0    6   48    139    7100     0
  911     0    9   24    3   15    3    0    6    3    0    0    8    0    0    0    0    0   57    128    6428     0
  913    12   24   33    0   15    0   15    9    0    4    0    0    0    0    0    0    6   51    169    6832     0
  914     6   12   15    0    6    0    6    6    3   12    3   12    0    0    0    0    3   57    141    6664     0
  915     0   12   18    3   15    3    6    3    0    0    0    0    0    0    0    0    3   48    111    8904     0
  916     3   12   18    0   12    0    3   15    3    0    3    4    0    0    0    0    6   48    127    6148     0
  917     6   15   27    3   18    3    3    6    0    0    0    0    0    0    0    0    0   51    132    6428     0
  919     3    9   15    0   12    3    9   15    0    0    0    0    0    0    0    0    6   57    129    6800     0
  920     3    6   21    0    9    3    0    9    3    8    0    8    0    0    0    0    3   57    130    6988     0
  921    12   12   24    3    6    3    3   15    0    0    0    0    0    0    0    0    6   48    132    6540     0
  922     3    6   39    6    6    9    0    6    3    0    0    0    0    0    0    0    0   60    138    7304     0
  923     9   21   21    0   15    0    6    6    3    0    0    0    0    0    0    0    6   54    141    6764     0
  925     6   18   15    0   18    6    0   12    0    4    0    0    0    0    0    0    3   57    139    6764     0
  926     0   15   15    3    9    3    0    3    0    0    3    8    0    0    0    0    6   54    119    7136     0
  927     0    6   24    3   15    3    0    3    3    0    0    0    0    0    0    0    6   48    111    6372     0
  928     6    9   21    0    9    3    6   12    3    0    0    0    0    0    0    0    0   51    120    6596     0
  929     3   15    6    0   12    0    0    9    0    4    0    4    0    0    0    0    6   51    110    6844     0
  930     3   18   15    3   15    3    0    6    3    0    0    0    0    0    0    0    3   57    126    6596     0
  932     6    6   27    0    9    0    3   12    0    0    0    0    0    0    0    0    6   51    120    6720     0
  933     3   12   27    0    6    3    6    9    0    4    0    4    0    0    0    0    0   60    134    6484     0
  ---- NOPE - soundscape ----
  934     3   12   24    0   15    3    0    6    3    0    3    0    0    0    0    0    6   48    123    6944     0
  935     0   18   15    3   12    3    6    6    0    0    0    0   39    3    0    3    3   57    168    6932     0
  936     0   15   27    6   18    6    3    9    3    8    0    0   54    7    4    0    6   51    217    7952     0
  938     0    6   21    3    9    9   18    6    0    0    0    0   42    0    0    3    0   54    171    8684     0
  939     0   12   24    0   12    0    0    3    3    0    3    0   54    0    4    0    0   51    166    7504     0
  940     0   12   12    3   18    3    0   15    0    4    3    4   54    3    4    0    6   54    195    7448     0
  941     0   12   24    3   12    0    6    9    0    0    0    0   54    6    7    0    3   51    187    7504     0
  942     6   12   24    0    6    3    6   15    3    0    0    4   54    6    0    0    6   51    196    7604     0
  944     3   12   33    0    9    3    0    9    0    0    0    0   54    4    0    0    0   57    184    8324     0
  945    12    9   18    0    6    0   15   12    0    0    3    4   54    0    0    0    6   51    190    7212     0
  946     0    6   18    3   15    3    0    0    3    0    0    0   54    3    0    3    3   60    171    7156     0
  947    12   24   18    0   15    6    6   12    0    4    0    0   54    8    0    0    6   54    219    8020     0
  948     3    9   21    0    9    0    6    9    3    4    3   12   54   11    4    3    0   54    205    8020     0
  950     3   12   27    3   15    3    3    3    0    0    0    0   54    0    0    0    0   48    171    7100     0
  951     6    3   15    3   12    3    6   15    3    0    0    0   54    6    0    0    6   54    186    7492     0
  952     3   15   12    3   18    9   12    9    0    4    0    0   39    3    7    0    3   51    188    7840     0
  953     3   12   18    0   15    0    3   15    0    0    0    0   54    3    0    0    6   51    180    8268     0
  954     3    6   27    3    9    3    0    9    0    0    0    4   54    3    0    0    0   57    178    7716     0
  956     9    6   18    3    9    3    0    9    0    0    0    0   54    0    0    0    6   51    168    7100     0
  957     3    6   15    0    6    3    0    9    3    0    0    0   54    3    0    3    3   60    168    8020     0
  958    12   24   18    0   15    0    0    6    3    0    0    0   54    8    0    0    6   54    200    8132     0
  959     6   21   21    6   18    6    0   12    0    4    0    4   54    6    0    3    0   54    215    7660     0
  960     3    9   36    0    9    0    0    3    0    0    0    0   54    8    3    6    6   54    191    9076     0
  962     9    6   15    0   15    3    9    6    3    0    0    0   54    0    4    0    6   54    184    7324     0
  963     0    9   18    0   18    3    0    6    3    0    3    0   54    3    4    0    3   51    175    7796     0
  ---- deeper ----
  964     0   15   21    3   12    3    3   12    0   12    0    8   54    0    4    0    6   45    198    7372     0
  965     3   45    9    6   15    6    0    9    3    4    0    0   54    9    0    0    0   57    220    8276     0
  966     9  117    0    3    9    9    0   12    0    0    0    0   42    0    0    0   34   54    289   10568     0
  968     3  123    6    0    6    0   12    9    0    4    3    8   54    0    0    0   11   60    299    9528     0
  969     6  117    0    3   15    3    6    6    3    4    3    0   39    4    0    0   13   48    270   10280     0
  970     3  123    0    3   12    0    3    6    0    0    0    0   54    4    0    3   11   54    276    9160     0
  971     3  114   12    6   18    6    6   12    3   12    0    4   54    7    0    6   15   51    329   10020     0
  972     3  123    0    0    9    3    6    6    0    0    0    0   42    0    0    3    9   60    264   10496     0
  974     0  120    3    0   12    0    0    3    3    0    3    0   54    0    4    0    2   51    255    9228     0
  975     3  126    6    3   18    3    3   15    0    8    3    4   54    0    4    0    3   48    301    9016     0
  976     3  120    6    0   12    0    0    9    0    0    0    0   54    6    7    0    6   51    274    9184     0
  977     3  117    0    0   15    3   12   12    3    0    0    4   54    4    0    0   23   54    304    9536     0
  978     6  126    0    0    9    3    3    3    0    4    0    0   42    0    0    0   11   60    267   10304     0
  979     6  126    3    3    6    3    3   15    0    0    3    4   54    4    0    0    6   48    284    9428     0
  981     3  129    6    3   15    6    0    3    3    0    0    8   54    4    0    3    3   57    297    9464     0
  982     9  120    3    0   15    0    9   12    0    0    0    0   54    4    0    6   13   51    296    9660     0
  983     0  114    0    0    6    0    6   12    3    4    3    4   54    4    0    3    9   57    279    9708     0
  984     0  123    0    3   15    3    6    3    0    0    0    0   54    0    0    0    5   48    260   11916     0
  985     3  123    6    6   12    0    3   15    3    0    0    4   54    0    4    0    0   48    281    9072     0
  987     3  123    0    3   18    3    3    9    0    0    0    0   39    3    7    0    3   51    265    9296     0
  988     3  120    0    0   12    3   18    9    0    0    0    4   54    4    0    0   20   57    304    9876     0
  989     3  117    0    0    9    0    0   12    3    8    0    8   54    8    0    0   14   57    293   10124     0
  990    12  129   12    3    6    3    3    9    0    0    0    0   54    4    0    0   10   48    293    8992     0
  991     0  117    0    0    6    0    0    9    3    0    0    0   54    4    3    3    5   60    264   10128     0
  993     9  123    0    0   15    3    6    3    3    0    0    0   54    4    0    6   14   54    294    9616     0
  ---- NOPE - soundscape ----
  994     6  120    6    6   18    6    0    9    0    8    0    0   54    3    0    3    9   57    305   10200     0
  995     0   81    0    0    0    0    0    3    0    0    0    0   54    7    0    0    6   54    205    7860     0
  996     0   15    0    0    0    0    0    0    0    0    0    0   54    0    4    0    6   48    127    6148     0
  997     0    0    0    0    0    0    0    0    0    0    0    0   54    3    4    0    0   51    112    6384     0
  999     0    0    0    0    0    0    0    0    0    0    0    0   54    8    4    0   17   51    134    6772     0
 1000     0    0    0    0    0    0    0    0    0    0    0    0   54    4    3    0   13   57    131    6772     0
 1001     0    0    0    0    0    0    0    0    0    0    0    0   54    7    0    0   10   51    122    6460     0
 1002     0    0    0    0    0    0    0    0    0    0    0    0   54    4    3    0    3   60    124    6664     0
 1003     0    0    0    0    0    0    0    0    0    0    0    0   39    0    0    6    8   48    101    6616     0
 1005     0    0    0    0    0    0    0    0    0    0    0    0   54    3    0    3    7   57    124    6684     0
 1006     0    0    0    0    0    0    0    0    0    0    0    0   54    7    0    0    8   51    120    6672     0
 1007     0    0    0    0    0    0    0    0    0    0    0    0   42    0    0    3    6   54    105    6720     0
 1008     0    0    0    0    0    0    0    0    0    0    0    0   54    0    4    0    0   51    109    6384     0
 1009     0    0    0    0    0    0    0    0    0    0    0    0   54    4    0    0   13   54    125    6716     0
 1011     0    0    0    0    0    0    0    0    0    0    0    0   54   11    8    0   14   51    138    6540     0
 1012     0    0    0    0    0    0    0    0    0    0    0    0   54    6    0    0   10   48    118    6504     0
 1013     0    0    0    0    0    0    0    0    0    0    0    0   42    4    0    0    8   60    114    6752     0
 1014     0    0    0    0    0    0    0    0    0    0    0    0   54    0    7    0    6   51    118    6660     0
 1015     0    0    0    0    0    0    0    0    0    0    0    0   54    3    3    3    4   60    127    6404     0
 1017     0    0    0    0    0    0    0    0    0    0    0    0   54    8    0    0    9   51    122    6684     0
 1018     0    0    0    0    0    0    0    0    0    0    0    0   54    4    0    3    3   54    118    6596     0
 1019     0    0    0    0    0    0    0    0    0    0    0    0   54    0    0    0    3   48    105    6036     0
 1020     0    0    0    0    0    0    0    0    0    0    0    0   54    4    0    0   10   54    122    6616     0
 1021     0    0    0    0    0    0    0    0    0    0    0    0   39    7    4    0    6   51    107    6572     0
 1023     0    0    0    0    0    0    0    0    0    0    0    0   54    3    0    0    7   51    115    6472     0
 1024     0    0    0    0    0    0    0    0    0    0    0    0   54    3    3    0    3   57    120    6652     0
  ---- section-35 ----
 1025     0    0    0    0    0    0    0    0    0    0    0    0   54    3    4    0   16   51    128    6424     0
 1026     0    0    0    0    0    0    0    0    0    0    4    0   54    3    0    3    4   60    128    6752     0
 1027     0    0    0    0    0    0    0    0    0    0    0    0   54    4    0    0   11   54    123    6628     0
 1028     0    0    0    0    0    0    0    0    0    0    0    0   54    6    0    3    6   54    123    6540     0
 1030     0    0    0    0    0    0    0    0    0    0    0    0   54    8    4    6   27   54    153    7188     0
 1031     0    0    0    0    0    0    0    0    0    0   16    0   54    0    4    0   11   54    139    6876     0
 1032     0    0    0    0    0    0    0    0    0    0   12    0   54    4    0    0    8   51    129    6832     0
 1033     0    0    0    0    0    0    0    0    0    0   16    0   54    0    7    0    7   45    129    6420     0
 1034     0    0    0    0    0    0    0    0    0    0   24    0   54    9    0    0    5   57    149    6912     0
 1036     0    0    0    0    0    0    0    0    0    0    0    0   42    0    0    0   23   54    119    6996     0
 1037     0    0    0    0    0    0    0    0    0    0    0    0   54    3    4    0    4   60    125    6696     0
 1038     0    0    0    0    0    0    0    0    0    0    0    0   39    4    0    0    6   48     97    6832     0
 1039     0    0    0    0    0    0    0    0    0    0    0    0   54    7    0    3    3   54    121    6540     0
 1040     0    0    0    0    0    0    0    0    0    0    8    0   54    7    4    6   26   51    156    7288     0
 1042     0    0    0    0    0    0    0    0    0    0   16    0   42    0    0    0    8   60    126    7236     0
 1043     0    0    0    0    0    0    0    0    0    0   16    0   54    4    0    0    8   51    133    6764     0
 1044     0    0    0    0    0    0    0    0    0    0   20    0   54    0    8    0    2   48    132    7004     0
 1045     0    0    0    0    0    0    0    0    0    0   16    3   54    3   26    0    3   51    156    7072     0
 1046     0    0    0    0    0    0    0    0    0    0    0    0   54    3    0    0   18   54    129    6736     0
 1048     0    0    0    0    0    0    0    0    0    0    0    4   54    3    0    0    4   57    122    7014     0
 1049     0    0    0    0    0    0    0    0    0    0    0    0   54    4    7    0    4   48    117    6534     0
 1050     0    0    0    0    0    0    0    0    0    0    0    0   54    3    3    3    0   57    120    6272     0
 1051     0    0    0    0    0    0    0    0    0    0    8    5   54    4    0    6   24   54    155    7288     0
 1052     0    0    0    0    0    0    0    0    0    0   16    3   54    4    4    3   14   57    155    7416     0
 1054     0    0    0    0    0    0    0    0    0    0   16    0   54    0    0    0   11   48    129    6528     0
  ---- later -  highs ----
 1055     0    0   15    0    6    3    0    0    0    0   24    4   54    0    0    0    3   45    154    7086     0
 1056     0    0    0    0    3    0    0    0    0    0   20    0   39    3    4    0    5   54    128    7278     0
 1057     0    0   12    0    6    0    0    0    0    0    0    0   54    3    0    0   20   54    149    7712     0
 1058     0    0    0    0    0    3    0    0    0    0    0    5   54    3    0    0    7   57    129    6996     0
 1060     0    0   12    0   12    3    0    0    0    0    0    3   54    4    4    0   11   48    151    6428     0
 1061     0    0   12    0    0    0    0    0    0    0    0    0   39    4    0    3    3   60    121    7236     0
 1062     0    0    3    0    3    0    0    0    0    0   16    4   54    7    0    6   22   51    166    8226     0
 1063     0    0   27    0    3    6    0    0    0    0   12    0   54    6    4    3   11   57    183    7082     0
 1064     0    0   12    0    3    3    0    0    0    0   12    0   42    0   22    0   21   54    169    7976     0
 1066     0    0   12    0    0    0    0    0    0    0   20    5   54    0    4    0    3   51    149    6992     0
 1067     0    0   12    0    3    0    0    0    0    0   28    3   54    3    0    0    3   48    154    7216     0
 1068     0    0    0    0    3    0    0    0    0    0    0    0   54    6    7    0   20   51    141    6872     0
 1069     0    0    0    0    6    3    0    0    0    0    0    4   54    6    0    0    4   57    134    6834     0
 1070     0    0   12    0    3    0    0    0    0    0    0    0   42    4    0    0   10   51    122    6970     0
 1071     0    0   12    0    6    0    0    0    0    0    0    0   54    4    4    0    3   60    143    6912     0
 1073     0    0   12    0    0    3    0    0    0    0   16    5   54    0    0    6   20   51    167    7320     0
 1074     0    0   27    0    3    0    0    0    0    0   12    3   54    3    0    3    8   57    170    7212     0
 1075     0    0    0    0    0    0    0    0    0    0   24    0   54    4    4    0   15   54    155    7392     0
 1076     0    0   12    0    3    0    0    0    0    0   16    4   54    0    0    0    6   48    143    8570     0
 1077     0    0   12    0    0    0    0    0    0    0   20    0   54    0    0    0    2   51    139    7018     0
 1079     0    0    6    0   12    6    0    0    0    0    0    0   39    3    3    0    8   54    131    7020     0
 1080     0    0   12    0    3    0    0    0    0    0    0    5   54    3    0    0    7   57    141    7120     0
 1081     0    0    0    0    6    0    0    0    0    0    0    3   54    6    0    0    8   48    125    6752     0
 1082     0    0   15    0    6    0    0    0    0    0    0    0   54    4    4    0    6   57    146    6328     0
 1083     0    0    9    0    6    3    0    0    0    0   16    4   54    0    3    6   16   48    165    7182     0
  ---- later - start the release ----
 1085     0    0    0    0    0    0    0    0    0    0   12    0   54    3    0    3    9   60    141    7038     0
 1086     0    0   27    0    3    0    0    0    0    0   24    0   54    7    0    0   20   54    189    7616     0
 1087     0    0    0    0    0    0    0    0    0    0   20    5   54    4    4    3    3   54    147    7612     0
 1088     0    0   12    0    9    3    0    0    0    0   16    0   54    0    0    0    3   48    145    6488     0
 1089     0    0   15    0    0    6    0    0    0    0    0    0   54    3    4    0    8   54    144    6952     0
 1091     0    0    0    0    3    0    0    0    0    0    0    2   54    6    4    0    5   51    125    6944     0
 1092     0    0   12    0    6    0    0    0    0    0    0    0   54    6    0    0    7   51    136    6572     0
 1093     0    0   15    0    6    6    0    0    0    0    0    0   42   10    0    0    3   57    139    6932     0
 1094     0    0    9    0    0    6    0    0    0    0   12    0   54    0    0    0   21   54    156    7356     0
 1095     0    0   12    0    0    0    0    0    0    0   12    0   39    3    0    3   14   60    143    7672     0
 1097     0    0    0    0    3    0    0    0    0    0   20    0   54    4    0    0   21   51    153    7324     0
 1098     0    0    0    0    6    3    0    0    0    0   32    0   54   13    4    3    3   54    172    7036     0
 1099     0    0   12    0    0    3    0    0    0    0   20    0   42    0    0    0   19   54    150    8064     0
 1100     0    0   12    0    3    0    0    0    0    0    0    0   54    3    4    0    9   54    139    6796     0
 1101     0    0   12    0    6    0    0    0    0    0    4    0   54    3    4    0    2   51    136    6652     0
 1103     0    0   12    0    9    3    0    0    0    0    0    0   54    0    4    0    5   45    132    6540     0
 1104     0    0    0    0    0    3    0    0    0    0    0    0   54    3    0    0    0   57    117    6540     0
 1105     0    0    9    0    3    0    0    0    0    0   16    0   54    0    0    0   21   51    154    8382     0
 1106     0    0   12    0    0    0    0    0    0    0   16    0   54    0    6    3    8   60    159    7812     0
 1107     0    0   12    0    0    6    0    0    0    0   20    0   54    8    0    0   10   51    161    7444     0
 1109     0    0   27    0    0    3    0    0    0    0   20   13   54    3    0    3    3   57    183    7878     0
 1110     0    0    0    0    0    0    0    0    0    0   16   31   54    7    0    6   13   51    178    7776     0
 1111     0    0   12    0    3    0    0    0    0    0    0    0   54    0    4    0   12   54    139    6392     0
 1112     0    0   24    0    0    3    0    0    0    0    0    0   54    0    4    0    2   51    138    6896     0
 1113     0    0    0    0    0    6    0    0    0    0    0    0   39    0    7    0    2   48    102    6952     0
  ---- maybe not -- incipient ----
 1115     0    0    0    0    3    0    0    0    0    0    0    0   54    6    0    0    3   57    123    7388     0
 1116     0    0    2    0    0    0    0    0    0    0   20   10   54    8    0    0   20   54    168    7632     0
 1117     0    0    0    0    3    3    0    0    0    0   16   16   54    0    0    0   11   57    160    7028     0
 1118     0    0    0    0    0    3    0    0    0    0   24   16   39    4    0    0    8   48    142    7438     0
 1119     0    0    0    0    3    0    0    0    0    0   24   16   54   10    0    3    8   54    172    7796     0
 1120     0    0   11    0    6    0    0    0    0    0    4   16   54    4    0    6   18   54    173    7384     0
 1122     0    0   16    0    0    0    0    0    0    0    0    0   42   17    3    3   12   57    150    7296     0
 1123     0    0   14    0    0    3    0    0    0    0    0    0   54    0    4    0    2   51    128    6484     0
 1124     0    0   19    0    0    0    0    0    0    0    0    0   54    0    4    0    3   48    128    6664     0
 1125     0    0   16    0    0    0    0    0    0    0    0    0   54    3    7    0    6   51    137    6328     0
 1126     0    0    9    0    6    3    0    0    0    0   16    0   54   12    0    0   19   51    170    7232     0
 1128     0    0    0    0    0    3    0    0    0    0   12    0   42    0    3    0   14   60    134    7280     0
 1129     0    0    0    0    0    0    0    0    0    0   20    0   54    4    0    0    9   48    135    7036     0
 1130     0    0    2    0    0    0    0    0    0    0   36    0   54    4    0    3    3   57    159    7004     0
 1131     0    0    0    0    3    3    0    0    0    0    4    0   54    7    0    6   13   51    141    6972     0
 1132     0    0    0    0    0    6    0    0    0    0    4    0   54    7    0    3    9   57    140    6728     0
 1134     0    0    0    0    3    0    0    0    0    0    0    0   54    0    0    0    5   48    110    7314     0
 1135     0    0    0    0    6    0    0    0    0    0    0    0   54    0    4    0    0   48    112    6384     0
 1136     0    0    0    0    9    3    0    0    0    0    0    0   54    3    7    0    3   51    130    6608     0
 1137     0    0    0    0    6    0    0    0    0    0   16    0   54    4    0    0   23   57    160    7424     0
 1138     0    0    0    0    0    0    0    0    0    0   12    0   54    7    0    0   14   57    144    7304     0
 1140     0    0    0    0    9    0    0    0    0    0   20    0   54    4    0    0   13   48    148    6588     0
 1141     0    0    0    0    0    3    0    0    0    0   32    0   54    8    0    3    5   60    165    7036     0
 1142     0    0    0    0    9    3    0    0    0    0    0    0   54    4    0    6   12   51    139    6672     0
 1143     0    0    0    0    0    0    0    0    0    0    0    0   54    9    0    3    9   60    135    6840     0
  ---- section-39 ----
 1144     3    0    0    0    3    0    0    0    0    0    4    0   54    4    0    0    6   51    125    6964     0
 1146    36    0    2    0    6    0    0    0    0    0    0    0   54    0    4    0    6   48    156    6708     0
 1147    45    0    0    0    6    3    0    0    0    0    0    0   54    3    4    0    0   51    166    7492     0
 1148    60    0    0    0    3    0    0    0    0    0   16    0   39    8    7    0   17   54    204    8604     0
 1149    60    0    2    0    3    0    0    0    0    0   16    0   54    8    0    0   13   57    213    8084     0
 1150    63    0    0    0    0    6    0    0    0    0   20    0   54    7    0    0   10   51    211    8088     0
 1152    63    0    0    0   12    6    0    0    0    0   20    0   54    4    6    0    3   57    225    8124     0
 1153    66    0    2    0    0    0    0    0    0    0    8    0   39    0    0    6    8   48    177    8172     0
 1154    57    0    0    0    3    0    0    0    0    0    0    0   54    3    0    3    7   57    184    7792     0
 1155    54    0    2    0    9    3    0    0    0    0    0    0   54    4    0    0    8   54    188    7904     0
 1156    60    0    0    0    6    6    0    0    0    0    0    0   42    0    6    3    9   54    186    7772     0
 1158    60    0    0    0    0    0    0    0    0    0    0    0   54    0    4    0    0   51    169    7660     0
 1159    75    0    0    0    3    0    0    0    0    0   20    2   54    4    0    0   10   54    222    8028     0
 1160    57    0    0    0    3    3    0    0    0    0   16    2   54    8    4    0   11   51    209    7672     0
 1161    60    0    0    0    9    3    0    0    0    0   24    2   54    3    0    0    9   48    212    8008     0
 1162    69    0    0    0    3    0    0    0    0    0   24    2   42    4    0    0    5   60    209    8436     0
 1163    66    0    0    0    3    0    0    0    0    0    0    2   54    0    4    0    6   51    186    7880     0
 1165    57    0    0    0    3    3    0    0    0    0    0    2   54    3    3    3    4   60    192    7904     0
 1166    66    0    0    0    9    0    0    0    0    0    0    4   54    4    0    0    6   51    194    8060     0
 1167    60    0    0    0    0    0    0    0    0    0    0    2   54    4    0    3    6   54    183    7772     0
 1168    63    0    0    0   12    0    0    0    0    0    0    0   54    0    0    0    0   48    177   10000     0
 1169    66    0    0    0    3    6    0    0    0    0   16    0   54    4    0    0   10   54    213    7996     0
 1171    57    0    0    0    6    3    0    0    0    0   12    0   39    7    7    0    6   51    188    7952     0
 1172    63    0    0    0    3    0    0    0    0    0   20    0   54    3    0    0    7   51    201    8460     0
 1173    63    0    0    0    3    0    0    0    0    0   32    0   54    3    3    0    3   57    218    8448     0
  ---- deepest ----
 1174    63    3   22   18    0    0    0    0    0    0    0    0   54    0    4    0   13   51    228    7724     0
 1175    39   24    3   59    0    0    0    0    0    0    0    0   54    0   19    3    4   60    265   10016     0
 1177    39   51    0  106    0    0    0    0    0    0    0    0   54    4    0    0    8   54    316   10080     0
 1178    21   51   26  118    0    0    0    0    0    0    0    0   54    6    0    3    3   54    336   10432     0
 1179    21   51    8  100    0    0    0    0    0    0    0    2   54    4    7    6   27   54    334   11428     0
 1180    18   51    0  107    0    0    0    0    0    0   12    2   54    0    0    0   14   54    312    9720     0
 1181    15   45    6  102    0    0    0    0    0    0   24    4   54    4    0    0   11   51    316   10544     0
 1183    18   51    0  106    0    0    0    0    0    0   40    2   54    0    4    0   10   45    330   10964     0
 1184    21   51    4  117    0    0    0    0    0    0   40    2   54    6    0    0    8   57    360   10624     0
 1185    24   54    3  115    0    0    0    0    0    0   36    0   42    0    0    0   21   54    349   11060     0
 1186    24   54    8  107    0    0    0    0    0    0   36    0   54    3    7    0    4   60    357   10500     0
 1187    21   48    3  101    0    0    0    0    0    0   40    0   39    4    0    0    6   48    310   11584     0
 1189    21   51   22  106    0    0    0    0    0    0   32    0   54    4    0    3    3   54    350   10492     0
 1190    18   45    0  136    0    0    0    0    0    0   36    0   54    8    4    6   23   51    381   11080     0
 1191    21   51    0  107    0    0    0    0    0    0   24    0   42    0    0    3   14   60    322   11356     0
 1192    18   51    8  104    0    0    0    0    0    0   24    0   54    4    0    0    8   51    322   10240     0
 1193    18   54   14  109    0    0    0    0    0    0   28    0   54    0    8    0    2   48    335    9940     0
 1195    18   51    8  106    0    0    0    0    0    0   12    0   54    6    8    0    3   51    317    9932     0
 1196    21   48    0   97    0    0    0    0    0    0    8    0   54    3    0    0   15   54    300   10132     0
 1197    24   54   26  115    0    0    0    0    0    0    4    0   54    3    0    0    7   57    344   10800     0
 1198    24   54    4  107    0    0    0    0    0    0    0    0   54    4    4    0    4   48    303   10376     0
 1199    21   51    8  113    0    0    0    0    0    0    0    0   54    7    3    3    0   57    317   10060     0
 1201    21   51   18  126    0    0    0    0    0    0    8    0   54    4    0    6   18   51    357   10424     0
 1202    18   45    0   97    0    0    0    0    0    0   16    0   54    8    4    3   14   57    316   10608     0
 1203    21   51    4  104    0    0    0    0    0    0   20   30   54    0    0    0    8   48    340   12136     0
  ---- deepesst soundscape ----
 1204    18   51    4  107    0    0    0    0    0    0   28   26   54    0    0    0    0   48    336   10340     0
 1205    18   51    0  120    0    0    0    0    0    0   32   26   39    3    4    0    5   51    349   10676     0
 1207    18   51    0  114    0    0    0    0    0    0   44   26   54    3    0    0   18   57    385   11348     0
 1208    21   48    6   97    0    0    0    0    0    0   40   26   54    3    0    0    4   57    356   11062     0
 1209    24   57    3  111    0    0    0    0    0    0   36   31   54    4    0    0   11   48    379   10408     0
 1210    21   48    8  107    0    0    0    0    0    0   28   17   54    8    7    3    3   60    364   11668     0
 1211    21   51    3  106    0    0    0    0    0    0   28    0   54    4    0    6   20   51    344   11114     0
 1213    21   51   15  118    0    0    0    0    0    0   24    0   54    6    0    3   11   60    363   10948     0
 1214    21   51    0   94    0    0    0    0    0    0   28    0   54    4    4    0   15   51    322   11016     0
 1215    18   51    8  110    0    0    0    0    0    0   20    0   54    0    0    0    3   48    312    9344     0
 1216    15   45   19  102    0    0    0    0    0    0   12    0   54    3    4    0    3   51    308    9860     0
 1217    18   51    0  106    0    0    0    0    0    0    8    0   39    3    7    0   15   54    301   10408     0
 1218    21   51   16  114    0    0    0    0    0    0    4    0   54    3    0    0    7   57    327   10112     0
 1220    24   54   10  103    0    0    0    0    0    0    0    0   54   10    0    0    8   51    314    9868     0
 1221    24   54    0  107    0    0    0    0    0    0    0    0   54    4    4    0    3   57    307    9644     0
 1222    21   48    6  101    0    0    0    0    0    0   20    0   39    0    0    6   19   48    308   11228     0
 1223    21   51   10  106    0    0    0    0    0    0   24   10   54    3    0    3   12   57    351   11072     0
 1224    18   54   14  132    0    0    0    0    0    0   32   10   54   11    3    0   20   54    402   10832     0
 1226    21   51    0  103    0    0    0    0    0    0   28    0   42   14    4    3    6   54    326   11604     0
 1227    18   51    0  104    0    0    0    0    0    0   36    0   54    0    0    0    2   51    316    9896     0
 1228    15   45   12  109    0    0    0    0    0    0   52    0   54    3    4    0    8   54    356   11076     0
 1229    18   51    4  106    0    0    0    0    0    0   44    0   54    3    7    0    5   51    343   10180     0
 1230    21   48    4  117    0    0    0    0    0    0   44    0   54    6    0    0    7   51    352   10580     0
 1232    24   54   25  115    0    0    0    0    0    0   28    0   42    4    0    0    3   57    352   10660     0
 1233    24   54    8  107    0    0    0    0    0    0   32    0   54    0    0    0   18   54    351   10800     0
  ---- BEST raising up, ma not yet ----
 1234    21   51    3  101    0    0    0    0    0    0   36    0   39    3    0    3   11   60    328   10688     0
 1235    21   51    4  106    0    0    0    0    0    0   24    0   54   12    0    0   18   51    341   10272     0
 1236    18   45    0   97    0    0    0    0    0    0   20    0   54    8    4    3    3   54    306   10128     0
 1238    21   51    4  104    0    0    0    0    0    0   12    0   42    0    0    0    3   54    291   12096     0
 1239    18   51   14  107    0    0    0    0    0    0   12    0   54    6    4    0    6   54    326   10328     0
 1240    18   51   26  120    0    0    0    0    0    0    4    0   54    3    4    0    2   51    333    9904     0
 1241    18   51    0  114    0    0    0    0    0    0    4    0   54    3    0    0    2   45    291    9960     0
 1242    21   48    0   97    0    0    0    0    0    0    0    0   54    3    0    0    3   57    283   10072     0
 1244    24   57    6  111    0    0    0    0    0    0    8    0   54    0    0    0   18   51    329    9640     0
 1245    21   54    8  107    0    0    0    0    0    0   16    0   54    0    0    3    8   60    331   10800     0
 1246    21   51    0  106    0    0    0    0    0    0   24    0   54    4    0    0   10   51    321   10240     0
 1247    21   51   32  118    0    0    0    0    0    0   28    0   54    9    0    3    3   57    376   10852     0
 1248    21   45    0   94    0    0    0    0    0    0   48    0   54   11    0    6   13   51    343   11704     0
 1250    18   51    8  110    0    0    0    0    0    0   40    0   54    0    0    0    9   54    344    9996     0
 1251    15   45    6  102    0    0    0    0    0    0   28    0   54    3    4    0    2   51    310   10244     0
 1252    18   51    0  106    0    0    0    0    0    0   40    0   39    0    7    0    8   48    317   10448     0
 1253    21   51    0  114    0    0    0    0    0    0   32    0   54    3    0    0    3   57    335   11528     0
 1254    24   54    8  103    0    0    0    0    0    0   28   26   54    4    0    0   26   54    381   10720     0
 1256    24   54    0  121    0    0    0    0    0    0   24   29   54    0    3    0   11   57    377    9992     0
 1257    21   48    0  101    0    0    0    0    0    0   24   26   39    4    0    0    8   48    319   10796     0
 1258    21   51    3  106    0    0    0    0    0    0   16   26   54    7    0    3    6   54    347   10956     0
 1259    21   54   42  126    0    0    0    0    0    0   12   26   54    7    0    6   18   54    420   11228     0
 1260    21   51    6  103    0    0    0    0    0    0    8    0   42   17    3    3    9   57    320   11182     0
 1262    18   51    8  104    0    0    0    0    0    0    0    0   54    0    4    0    2   51    292    9352     0
 1263    15   45   18  109    0    0    0    0    0    0    0    0   54    0    4    0    0   48    293   10072     0
  ---- section-43 ----
 1264    18   51   19  106    0    0    0    0    0    0    0    0   54    3    7    0    6   51    315    9716     0
 1265    21   48    0  117    0    6    0    0    0    0    0    0   54   12    0    0   25   51    334   10400     0
 1266    24   54    0  115    0    6    0    0    0    0    0    0   42    0    0    0   20   60    321   10404     0
 1268    24   54    3  107    0    9    0    0    0    0    0    0   54    4    0    0   12   48    315   10136     0
 1269    21   51    6  101    0    6    0    0    0    0    0    0   54    4    0    3    8   57    311   10316     0
 1270    21   51    3  106    0    6    0    0    0    0    0    0   54    4    0    6   13   51    315   10132     0
 1271    18   45    0   97    0   12    0    0    0    0    0    0   54   11    0    3    6   57    303   10156     0
 1272    21   51    0  104    0    6    0    0    0    0    0   15   54    0    0    0    5   48    304   10912     0
 1273    18   51    3  107    0    3    0    0    0    0    0   30   54    0    4    0    3   48    321    9936     0
 1275    18   51    6  120    0    3    0    0    0    0    0   30   39    3    4    0    3   51    328   10356     0
 1276    18   51    6  114    0    3    0    0    0    0    0   30   54    4    0    0   20   57    357   10744     0
 1277    21   48    0   97    0    3    0    0    0    0    0   33   54    7    0    0   11   57    331   10812     0
 1278    24   57    9  111    0    6    0    0    0    0    0   33   54    4    0    0   10   48    356    9928     0
 1279    21   48    9  107    0    9    0    0    0    0    0   15   54    8    6    3    3   60    343   11052     0
 1281    21   51    0  106    0    9    0    0    0    0    0    0   54    4    0    6   14   54    319   10608     0
 1282    21   51    3  118    0    9    0    0    0    0    0    0   54    6    0    3    9   57    331   10672     0
 1283    21   45    0   94    0    3    0    0    0    0    0    9   54    8    0    0    6   51    291   10644     0
 1284    18   51    9  110    0    6    0    0    0    0    0   26   54    0    4    0    3   48    329    9628     0
 1285    15   45    3  102    0    6    0    0    0    0    0    0   54    3    4    0    0   51    283   10374     0
 1287    18   51    3  106    0    3    0    0    0    0    0    0   39    8    4    0   17   54    303   10468     0
 1288    21   51    0  114    0    6    0    0    0    0    0    0   54   11    0    0   13   57    327   11224     0
 1289    24   54    3   97    0    3    0    0    0    0    0    0   54    3    0    0    7   51    296    9968     0
 1290    24   54    0  121    0    9    0    0    0    0    0    0   54    8    0    0    8   57    335    9632     0
 1291    21   48    0  101    0    9    0    0    0    0    0    0   39    0    0    6    8   48    280   10348     0
 1293    21   51    0  106    0    9    0    0    0    0    0    0   54    6    0    3    7   57    314   10404     0
  ---- NOLONGER deepestest ----
 1294    21   54    9  126    0    6    0    0    0    0    0    0   54    4    0    0   11   54    339   10156     0
 1295    15   36    0  103   75    3    0    0    0    0    0    5   42   14    6    3    6   54    362   11652     0
 1296     3    6    0  104  165    9    0    0    0    0    0    2   54    0    4    0    0   48    395   11082     0
 1297     0    0    0  109  183    3    0    0    0    0    0    2   54    4    0    0   10   54    419   12246     0
 1299     0    0    4  106  171    3    0    0    0    0    0    5   54    7    4    0    9   51    414   12108     0
 1300     0    3   12  114  186    6    0    0    0    0    0    3   54    6    0    0    9   51    444   11874     0
 1301     0    0    4  103  168    6    0    0    0    0    0    0   42   10    3    0    9   57    402   12288     0
 1302     0    3    0  107  144    9    0    0    0    0    0    3   54    0    4    0   13   54    391   11612     0
 1303     0    0    0  101  159    9    0    0    0    0    0    5   39    3    0    3    4   60    383   12908     0
 1305     0    0    4  106  183    6    0    0    0    0    0    4   54    8    0    0   11   51    427   12610     0
 1306     0    6   32  124  180    6    0    0    0    0    0    9   54    6    0    3    3   54    477   11866     0
 1307     0    0    0  100  156    3    0    0    0    0    0    0   42   30    7    6   27   54    425   13464     0
 1308     0    3    0  107  162    9    0    0    0    0    0    3   54    4    0    0   14   57    413   11668     0
 1309     0    0    0  102  165    0    0    0    0    0    0    5   54    7    4    0   11   51    399   11952     0
 1311     0    3    4  106  174    3    0    0    0    0    0    0   54    0    4    0   10   45    403   11560     0
 1312     0    3   12  114  186    9    0    0    0    0    0    3   54    3    0    0    8   57    449   11966     0
 1313     0    0    0  115  162    3    0    0    0    0    0   21   42    9    0    0   18   54    424   12440     0
 1314     0    3    0  107  144    9    0    0    0    0    0   22   54    3    4    0    4   60    410   11904     0
 1315     0    0    0  101  159    6    0    0    0    0    0   18   39    4    0    0    4   48    379   12842     0
 1317     0    6    4  106  162    6    0    0    0    0    0   21   54   11    0    3    3   54    430   11824     0
 1318     0    6   32  132  204    6    0    0    0    0    0   21   54    8    4    6   20   54    547   12978     0
 1319     0    0    0  107  165    6    0    0    0    0    0    3   42    0   19    3   17   57    419   13162     0
 1320     0    3    0  104  150    6    0    0    0    0    0    0   54    0    4    0    8   51    380   11576     0
 1321     0    0    0  109  183    0    0    0    0    0    0    3   54    0    0    0    0   48    397   11846     0
 1323     0    6    4  106  174    6    0    0    0    0    0    0   54    3    7    0    6   51    417   11236     0
  ---- section-45 ----
 1324     0    3   12  117  186    6    0    0    0    0    0    0   54    3    0    0   17   54    452   12118     0
 1325     0    0    0  115  189    0    0    0    0    0    0    0   42    3    0    0   10   57    416   12314     0
 1326     0    3    0  107  144    0    0    0    0    0    0   26   54    4    4    0    5   51    398   11480     0
 1327     0    0   12  101  159    0    0    0    0    0    0   33   39    4    0    3    0   57    408   13280     0
 1329     0    0    4  106  174    0    0    0    0    0    0   30   54    4    0    6   22   51    451   12332     0
 1330     0    0   32  124  189    0    0    0    0    0    0   33   54    7    4    3    8   57    511   12524     0
 1331     0    0    0  104  159    0    0    0    0    0    0    0   42    0   22    0   21   54    402   13754     0
 1332     0    3    0  107  162    0    0    0    0    0    0   26   54    0    4    0    3   51    410   11424     0
 1333     0    0    0  102  165    0    0    0    0    0    0   29   54    3    0    0    5   48    406   11628     0
 1335     0    0    4  106  162    0    0    0    0    0    0   26   54    3    3    0   17   51    426   12336     0
 1336     0    0   12  117  189    0    0    0    0    0    0   29   54    9    0    0    4   57    471   12292     0
 1337     0    0    0  111  177    0    0    0    0    0    0   34   42    4    0    0   13   51    432   12552     0
 1338     0    0    0  107  144    0    0    0    0    0    0   26   54    4    4    0    3   60    402   12352     0
 1339     0    0   12  101  159    0    0    0    0    0    0   29   39    0    0    6   20   48    414   13062     0
 1341     0    0    4  106  162    0    0    0    0    0    0   31   54    3    0    3    9   57    429   12012     0
 1342     0    0   32  132  213    0    0    0    0    0    0   28   54    4    4    0   17   51    535   12792     0
 1343     0    0    0  107  177    0    0    0    0    0    0   21   42    0    0    3    3   54    407   13394     0
 1344     0    0    0  104  150    0    0    0    0    0    0   20   54    0    4    0    0   51    383   11394     0
 1345     0    0   20  109  183    0    0    0    0    0    0   16   54    6    4    0    8   54    454   12918     0
 1347     0    0    4  106  162    0    0    0    0    0    0    5   54    3    7    0    5   51    397   11568     0
 1348     0    0   12  117  189    0    0    0    0    0    0    2   54    3    0    0    4   48    429   11918     0
 1349     0    3    0  115  180    0    0    0    0    0    0    5   42    4    0    0    3   60    412   12574     0
 1350     0    3    0  107  144    0    0    0    0    0    0    2   54    0    0    0   21   54    385   11856     0
 1351     0    6   12  101  159    0    0    0    0    0    0    2   39    3    0    3   14   60    399   11594     0
 1353     0    3    4  106  174    0    0    0    0    0    0    2   54    8    0    0   21   51    423   11762     0
  ---- - TODO: silendes too much ----
 1354     0    0    0  124  189    0    0    0    0    0    0    5   54   10    4    3    3   54    446   11860     0
 1355     9   27   15   78   90    9    0    0    0    0    0   30   42    0    0    6   16   54    376   11517     0
 1356    27   15   24   48   33   32    0    0    0    0    0   30   54    3    4    0    9   57    336   10445     0
 1357    30    0   21   42   27   28    0    0    0    0    0   33   54    3    7    0    2   48    295   10269     0
 1359    33    0   24   45   33   30    0    0    0    0    0   33   54    0    4    0    8   45    309    9642     0
 1360    33   24   24   48   39   36    0    0    0    0    0    8   54    6    0    0    0   57    329   10800     0
 1361    36   30   24   48   36   36    0    0    0    0    0    5   42    0    0    0   31   54    342   11320     0
 1362    33    0   24   48   36   35    0    0    0    0    0    2   54    0    3    0    8   60    303   10319     0
 1363    36    0   21   45   36   28    0    0    0    0    0    5   54    4    0    0   10   51    290   10025     0
 1365    30    9   24   45   33   33    0    0    0    0    0    7   54   14    0    3    0   54    306    9956     0
 1366    27   45   21   42   27   34    0    0    0    0    0    2   54    7    0    6   13   54    332   10974     0
 1367    30    9   21   45   33   32    0    0    0    0    0   31   42    0    0    0    6   60    309   10443     0
 1368    30    0   24   45   30   27    0    0    0    0    0   28   54    0    4    0    2   51    295    9848     0
 1369    33    0   24   48   33   27    0    0    0    0    0   28   54    0    7    0    0   48    302   10096     0
 1371    30   30   24   45   36   30    0    0    0    0    0   31   54    6    7    0    3   51    347   10338     0
 1372    33   27   24   45   33   43    0    0    0    0    0   28   54    8    0    0   20   54    369   11084     0
 1373    36    0   24   48   39   35    0    0    0    0    0   22   42    0    0    0   11   60    317   11005     0
 1374    36    0   24   48   39   31    0    0    0    0    0    5   54    4    0    0    6   48    295   10405     0
 1375    30    9   24   48   33   30    0    0    0    0    0    0   54    7    0    3    5   57    300    9956     0
 1377    33   45   24   45   33   38    0    0    0    0    0    3   54    4    0    6   13   51    349   10959     0
 1378    27    9   21   42   30   29    0    0    0    0    0    5   54    7    0    3    6   57    290    9901     0
 1379    33    0   21   45   30   26    0    0    0    0    0    4   54    0    0    0    5   48    266   10300     0
 1380    33    0   24   45   36   30    0    0    0    0    0   10   54    0    0    0    3   48    283    9496     0
 1381    30   30   21   48   36   30    0    0    0    0    0   10   39    3    4    0    3   51    305   10468     0
 1383    33   21   24   45   33   37    0    0    0    0    0   10   54    4    0    0   20   57    338   10448     0
 1384    36    0   24   45   36   32    0    0    0    0    0   10   54    8    3    0   14   57    319   10749     0
  ---- section-47 ----
 1385    36    0   24   48   39   34    0    0    0    0    0   14   54    4    0    0   10   48    311    9660     0
 1386    30   15   21   48   36   33    0    0    0    0    0   26   54    8    6    3    3   60    343   10580     0
 1387    33   45   21   45   33   38    0    0    0    0    0   29   54   10    0    6   14   54    382   10893     0
 1389    30    6   24   45   33   35    0    0    0    0    0   29   54    6    0    3    9   57    331   10787     0
 1390    30    0   21   42   27   26    0    0    0    0    0   17   54   11    0    0    6   54    288   10246     0
 1391    36    0   27   48   39   30    0    0    0    0    0    2   54    0    4    0    6   48    294    9048     0
 1392    27   36   21   42   33   30    0    0    0    0    0   18   54    3    4    0    0   51    319   10236     0
 1393    33   21   21   45   33   21    0    0    0    0    0   18   39    8    8    0   20   54    321   10229     0
 1394    36    0   24   45   36   15    0    0    0    0    0   18   54    4    0    0   16   57    305    9960     0
 1396    36    0   24   48   36   30    0    0    0    0    0   18   54    7    0    0   13   51    317   10040     0
 1397    33   18   24   48   36   33    0    0    0    0    0   18   54    4    0    0    5   57    330   10400     0
 1398    33   45   21   45   33   36    0    0    0    0    0   18   39    0    0    6    8   48    332   11103     0
 1399    30    0   21   45   33   35    0    0    0    0    0    2   54    3    0    3    7   57    290   10221     0
 1400    27    0   27   45   33   32    0    0    0    0    0    2   54    7    0    0   11   54    292   10110     0
 1402    33    0   21   45   36   30    0    0    0    0    0    0   42    0    6    3    9   54    279   10080     0
 1403    30   39   24   45   33   30    0    0    0    0    0    0   54    0    4    0    0   51    310    9968     0
 1404    33   21   21   42   30   34    0    0    0    0    0    0   54    4    4    0   10   54    307   10573     0
 1405    33    0   21   45   36   32    0    0    0    0    0    0   54    7    8    0    9   51    296    9336     0
 1406    33    0   24   48   39   30    0    0    0    0    0    0   54    3    0    0    6   48    285    9640     0
 1408    33   24   24   48   36   36    0    0    0    0    0    0   42    4    3    0    9   60    319   10236     0
 1409    36   36   24   48   36   36    0    0    0    0    0    0   54    0    4    0    6   51    331   10703     0
 1410    30    0   21   45   33   32    0    0    0    0    0    0   54    3    3    3    4   60    288   10081     0
 1411    33    0   24   45   33   32    0    0    0    0    0    0   54    8    0    0    6   51    286    9625     0
 1412    30    0   21   42   33   27    0    0    0    0    0    2   54    4    0    3    3   54    273    9844     0
 1414    33   45   21   45   33   30    0    0    0    0    0   26   54    0    0    0    3   48    338   12681     0
  ---- hush ----
 1415    27   15   12   33   27   27    0    0    0    0    0    0   27    0    0    0    2   30    200    7659     0
 1416     9    0    0   12   12   12    0    0    0    0    0    0    0    0    0    0    0    6     51    4901     0
 1417     0    0    0    0    0    0    0    0    0    0    0    0    0    0    0    0    0    0      0    4356     0
 1418     0    0    0    0    0    0    0    0    0    0    0    0    0    0    0    0    0    0      0    4356     0
 1420     0    0    0    0    0    0    0    0    0    0    0    0    0    0    0    0    0    0      0    4356     0
 1421     0    0    0    0    0    0    0    0    0    0    0    0    0    0    0    0    0    0      0    4356     0
 1422     0    0    0    0    0    0    0    0    0    0    0    0    0    0    0    0    0    0      0    4356     0
 1423     0    0    0    0    0    0    0    0    0    0    0    0    0    0    0    0    0    0      0    4356     0
 1424     0    0    0    0    0    0    0    0    0    0    0    0    0    0    0    0    0    0      0    4356     0
 1426     0    0    0    0    0    0    0    0    0    0    0    0    0    0    0    0    0    0      0    4356     0
 1427     0    0    0    0    0    0    0    0    0    0    0    0    0    0    0    0    0    0      0    4356     0
 1428     0    0    0    0    0    0    0    0    0    0    0    0    0    0    0    0    0    0      0    4356     0
 1429     0    0    0    0    0    0    0    0    0    0    0    0    0    0    0    0    0    0      0    4356     0
 1430     0    0    0    0    0    0    0    0    0    0    0    0    0    0    0    0    0    0      0    4356     0
 1432     0    0    0    0    0    0    0    0    0    0    0    0    0    0    0    0    0    0      0    4356     0
 1433     0    0    0    0    0    0    0    0    0    0    0    0    0    0    0    0    0    0      0    4356     0
 1434     0    0    0    0    0    0    0    0    0    0    0    0    0    0    0    0    0    0      0    4356     0
 1435     0    0    0    0    0    0    0    0    0    0    0    0    0    0    0    0    0    0      0    4356     0
 1436     0    0    0    0    0    0    0    0    0    0    0    0    0    0    0    0    0    0      0    4356     0
 1438     0    0    0    0    0    0    0    0    0    0    0    0    0    0    0    0    0    0      0    4356     0
 1439     0    0    0    0    0    0    0    0    0    0    0    0    0    0    0    0    0    0      0    4356     0
 1440     0    0    0    0    0    0    0    0    0    0    0    0    0    0    0    0    0    0      0    4356     0
 1441     0    0    0    0    0    0    0    0    0    0    0    0    0    0    0    0    0    0      0    4356     0

  wrote runs/exxo/.jsonl  --  analyse with tools/orbitreport.py
  total xruns: 6   measured globalEffect synths: 90
